row,ruleCode,category,reason,condition1,condition2
3,SZ医保-0003-ff31c55b70,疾病主要诊断选择错误,当前基础规则模型可保存该规则描述，但尚未实现多条件、排除码、年龄/性别等执行器。,主要疾病编码 P 起源于围生期的疾病,主要手术编码 72-75 产科手术
4,SZ医保-0004-3deabfc526,疾病主要诊断选择错误,当前基础规则模型可保存该规则描述，但尚未实现多条件、排除码、年龄/性别等执行器。,主要疾病编码 Z08 恶性肿瘤患者手术治疗后,主要手术编码 00-99
5,SZ医保-0005-a6ff2297c5,疾病主要诊断选择错误,当前基础规则模型可保存该规则描述，但尚未实现多条件、排除码、年龄/性别等执行器。,主要疾病编码 I25.2 陈旧性心肌梗死,主要手术编码 00-99
1281,SZ医保-1281-c9c8f21732,主要手术、操作选择错误,当前基础规则模型可保存该规则描述，但尚未实现多条件、排除码、年龄/性别等执行器。,主要手术编码 37.2600x001 术中心脏电生理检查,其他手术编码 00-99
1282,SZ医保-1282-438aca86fc,疾病编码年龄冲突,当前基础规则模型可保存该规则描述，但尚未实现多条件、排除码、年龄/性别等执行器。,全部疾病编码 H25,
1283,SZ医保-1283-575649880b,疾病编码年龄冲突,当前基础规则模型可保存该规则描述，但尚未实现多条件、排除码、年龄/性别等执行器。,全部疾病编码 I10,
1284,SZ医保-1284-ebdb36f5d3,疾病编码年龄冲突,当前基础规则模型可保存该规则描述，但尚未实现多条件、排除码、年龄/性别等执行器。,全部疾病编码 I11,
1285,SZ医保-1285-440387d2c7,疾病编码年龄冲突,当前基础规则模型可保存该规则描述，但尚未实现多条件、排除码、年龄/性别等执行器。,全部疾病编码 I12,
1286,SZ医保-1286-ce5b753fbb,疾病编码年龄冲突,当前基础规则模型可保存该规则描述，但尚未实现多条件、排除码、年龄/性别等执行器。,全部疾病编码 I13,
1287,SZ医保-1287-2eb4aeb839,疾病编码年龄冲突,当前基础规则模型可保存该规则描述，但尚未实现多条件、排除码、年龄/性别等执行器。,全部疾病编码 I15,
1288,SZ医保-1288-42de66fc62,疾病编码年龄冲突,当前基础规则模型可保存该规则描述，但尚未实现多条件、排除码、年龄/性别等执行器。,全部疾病编码 J18,
1289,SZ医保-1289-f08ed8692c,疾病编码年龄冲突,当前基础规则模型可保存该规则描述，但尚未实现多条件、排除码、年龄/性别等执行器。,全部疾病编码 J80,
1290,SZ医保-1290-4f44ccc4b8,疾病编码年龄冲突,当前基础规则模型可保存该规则描述，但尚未实现多条件、排除码、年龄/性别等执行器。,全部疾病编码 G93.1,
1291,SZ医保-1291-d0cceb8e91,疾病编码年龄冲突,当前基础规则模型可保存该规则描述，但尚未实现多条件、排除码、年龄/性别等执行器。,全部疾病编码 I60,
1292,SZ医保-1292-f6f07bc01b,疾病编码年龄冲突,当前基础规则模型可保存该规则描述，但尚未实现多条件、排除码、年龄/性别等执行器。,全部疾病编码 I61,
1293,SZ医保-1293-188e8dd251,疾病编码年龄冲突,当前基础规则模型可保存该规则描述，但尚未实现多条件、排除码、年龄/性别等执行器。,全部疾病编码 I62,
1294,SZ医保-1294-de31bad40d,疾病编码年龄冲突,当前基础规则模型可保存该规则描述，但尚未实现多条件、排除码、年龄/性别等执行器。,全部疾病编码 K92.0,
1295,SZ医保-1295-6cc356a5fe,疾病编码年龄冲突,当前基础规则模型可保存该规则描述，但尚未实现多条件、排除码、年龄/性别等执行器。,全部疾病编码 K92.1,
1296,SZ医保-1296-8f95147461,疾病编码年龄冲突,当前基础规则模型可保存该规则描述，但尚未实现多条件、排除码、年龄/性别等执行器。,全部疾病编码 K92.2,
1297,SZ医保-1297-dbfea692d9,疾病编码年龄冲突,当前基础规则模型可保存该规则描述，但尚未实现多条件、排除码、年龄/性别等执行器。,全部疾病编码 J40,
1298,SZ医保-1298-a24c02cc3d,疾病编码年龄冲突,当前基础规则模型可保存该规则描述，但尚未实现多条件、排除码、年龄/性别等执行器。,全部疾病编码 J41,
1299,SZ医保-1299-63ecc5b419,疾病编码年龄冲突,当前基础规则模型可保存该规则描述，但尚未实现多条件、排除码、年龄/性别等执行器。,全部疾病编码 J42,
1300,SZ医保-1300-4becc8efd2,疾病编码年龄冲突,当前基础规则模型可保存该规则描述，但尚未实现多条件、排除码、年龄/性别等执行器。,全部疾病编码 O,
1301,SZ医保-1301-34668f8d49,疾病编码年龄冲突,当前基础规则模型可保存该规则描述，但尚未实现多条件、排除码、年龄/性别等执行器。,全部疾病编码 P10-P15,
1302,SZ医保-1302-f1a0a60c09,疾病编码性别冲突,当前基础规则模型可保存该规则描述，但尚未实现多条件、排除码、年龄/性别等执行器。,全部疾病编码 A18.100x019+N77.1* 外阴结核,
1303,SZ医保-1303-cc8c92c734,疾病编码性别冲突,当前基础规则模型可保存该规则描述，但尚未实现多条件、排除码、年龄/性别等执行器。,全部疾病编码 A18.100x024+N74.1* 结核性直肠阴道瘘,
1304,SZ医保-1304-b70d0d0391,疾病编码性别冲突,当前基础规则模型可保存该规则描述，但尚未实现多条件、排除码、年龄/性别等执行器。,全部疾病编码 A18.100x026+N74.1* 结核性输卵管炎,
1305,SZ医保-1305-0a2aaf6ea4,疾病编码性别冲突,当前基础规则模型可保存该规则描述，但尚未实现多条件、排除码、年龄/性别等执行器。,全部疾病编码 A18.100x030+N77.0* 结核性外阴溃疡,
1306,SZ医保-1306-e71266f21e,疾病编码性别冲突,当前基础规则模型可保存该规则描述，但尚未实现多条件、排除码、年龄/性别等执行器。,全部疾病编码 A18.111+N74.1* 子宫内膜结核,
1307,SZ医保-1307-2c6d61f83b,疾病编码性别冲突,当前基础规则模型可保存该规则描述，但尚未实现多条件、排除码、年龄/性别等执行器。,全部疾病编码 A18.112+N74.0* 子宫颈结核,
1308,SZ医保-1308-8ff8e8bc9d,疾病编码性别冲突,当前基础规则模型可保存该规则描述，但尚未实现多条件、排除码、年龄/性别等执行器。,全部疾病编码 A18.113+N74.1* 输卵管结核,
1309,SZ医保-1309-b4b867a4a1,疾病编码性别冲突,当前基础规则模型可保存该规则描述，但尚未实现多条件、排除码、年龄/性别等执行器。,全部疾病编码 A18.114+N74.1* 卵巢结核,
1310,SZ医保-1310-a0159a286a,疾病编码性别冲突,当前基础规则模型可保存该规则描述，但尚未实现多条件、排除码、年龄/性别等执行器。,全部疾病编码 A18.115+N74.1* 女性盆腔结核,
1311,SZ医保-1311-706d87d403,疾病编码性别冲突,当前基础规则模型可保存该规则描述，但尚未实现多条件、排除码、年龄/性别等执行器。,全部疾病编码 A34 产科破伤风,
1312,SZ医保-1312-7601034e08,疾病编码性别冲突,当前基础规则模型可保存该规则描述，但尚未实现多条件、排除码、年龄/性别等执行器。,全部疾病编码 A42.805 阴道放线菌病,
1313,SZ医保-1313-23470694c0,疾病编码性别冲突,当前基础规则模型可保存该规则描述，但尚未实现多条件、排除码、年龄/性别等执行器。,全部疾病编码 A51.400x009+N74.2* 女性二期梅毒性盆腔炎,
1314,SZ医保-1314-4800674304,疾病编码性别冲突,当前基础规则模型可保存该规则描述，但尚未实现多条件、排除码、年龄/性别等执行器。,全部疾病编码 A54.003 淋球菌性宫颈炎,
1315,SZ医保-1315-5a7c98ca3b,疾病编码性别冲突,当前基础规则模型可保存该规则描述，但尚未实现多条件、排除码、年龄/性别等执行器。,全部疾病编码 A54.004 淋球菌性阴道炎,
1316,SZ医保-1316-c10aaa2315,疾病编码性别冲突,当前基础规则模型可保存该规则描述，但尚未实现多条件、排除码、年龄/性别等执行器。,全部疾病编码 A54.005 淋球菌性外阴阴道炎,
1317,SZ医保-1317-cf46565018,疾病编码性别冲突,当前基础规则模型可保存该规则描述，但尚未实现多条件、排除码、年龄/性别等执行器。,全部疾病编码 A54.102 淋球菌性前庭大腺脓肿,
1318,SZ医保-1318-e21c5c9b19,疾病编码性别冲突,当前基础规则模型可保存该规则描述，但尚未实现多条件、排除码、年龄/性别等执行器。,全部疾病编码 A54.200x004+N74.3* 淋球菌性输卵管炎,
1319,SZ医保-1319-c7c7428565,疾病编码性别冲突,当前基础规则模型可保存该规则描述，但尚未实现多条件、排除码、年龄/性别等执行器。,全部疾病编码 A54.201+N74.3* 淋球菌性女性盆腔炎性疾病,
1320,SZ医保-1320-0071868d0e,疾病编码性别冲突,当前基础规则模型可保存该规则描述，但尚未实现多条件、排除码、年龄/性别等执行器。,全部疾病编码 A56.002 衣原体性宫颈炎,
1321,SZ医保-1321-7a964bd640,疾病编码性别冲突,当前基础规则模型可保存该规则描述，但尚未实现多条件、排除码、年龄/性别等执行器。,全部疾病编码 A56.003 衣原体性阴道炎,
1322,SZ医保-1322-6388653571,疾病编码性别冲突,当前基础规则模型可保存该规则描述，但尚未实现多条件、排除码、年龄/性别等执行器。,全部疾病编码 A56.004 衣原体性外阴阴道炎,
1323,SZ医保-1323-7f26933f54,疾病编码性别冲突,当前基础规则模型可保存该规则描述，但尚未实现多条件、排除码、年龄/性别等执行器。,全部疾病编码 A56.100x003+N74.4* 衣原体性输卵管炎,
1324,SZ医保-1324-552a201392,疾病编码性别冲突,当前基础规则模型可保存该规则描述，但尚未实现多条件、排除码、年龄/性别等执行器。,全部疾病编码 A56.100x004+N74.4* 衣原体性子宫内膜炎,
1325,SZ医保-1325-639705df2d,疾病编码性别冲突,当前基础规则模型可保存该规则描述，但尚未实现多条件、排除码、年龄/性别等执行器。,全部疾病编码 A56.101+N74.4* 衣原体性女性盆腔炎性疾病,
1326,SZ医保-1326-624fa72f3a,疾病编码性别冲突,当前基础规则模型可保存该规则描述，但尚未实现多条件、排除码、年龄/性别等执行器。,全部疾病编码 A59.002+N77.1* 滴虫性阴道炎,
1327,SZ医保-1327-b45c67863c,疾病编码性别冲突,当前基础规则模型可保存该规则描述，但尚未实现多条件、排除码、年龄/性别等执行器。,全部疾病编码 A60.000x003+N77.1* 外阴疱疹,
1328,SZ医保-1328-5877c57609,疾病编码性别冲突,当前基础规则模型可保存该规则描述，但尚未实现多条件、排除码、年龄/性别等执行器。,全部疾病编码 B26.800x009+N74.8* 流行性腮腺炎并发卵巢炎,
1329,SZ医保-1329-a4a19c20bc,疾病编码性别冲突,当前基础规则模型可保存该规则描述，但尚未实现多条件、排除码、年龄/性别等执行器。,全部疾病编码 B37.3 外阴和阴道念珠菌病,
1330,SZ医保-1330-30553b44ba,疾病编码性别冲突,当前基础规则模型可保存该规则描述，但尚未实现多条件、排除码、年龄/性别等执行器。,全部疾病编码 C47.500x008 直肠阴道隔周围神经和自主神经恶性肿瘤,
1331,SZ医保-1331-b4f0dc07e4,疾病编码性别冲突,当前基础规则模型可保存该规则描述，但尚未实现多条件、排除码、年龄/性别等执行器。,全部疾病编码 C48.100x006 直肠子宫陷凹恶性肿瘤,
1332,SZ医保-1332-a67afd9943,疾病编码性别冲突,当前基础规则模型可保存该规则描述，但尚未实现多条件、排除码、年龄/性别等执行器。,全部疾病编码 C49.505 直肠阴道隔结缔组织恶性肿瘤,
1333,SZ医保-1333-c5c869a047,疾病编码性别冲突,当前基础规则模型可保存该规则描述，但尚未实现多条件、排除码、年龄/性别等执行器。,全部疾病编码 C51 外阴恶性肿瘤,
1334,SZ医保-1334-b0d3eac271,疾病编码性别冲突,当前基础规则模型可保存该规则描述，但尚未实现多条件、排除码、年龄/性别等执行器。,全部疾病编码 C52 阴道恶性肿瘤,
1335,SZ医保-1335-46a6ba004b,疾病编码性别冲突,当前基础规则模型可保存该规则描述，但尚未实现多条件、排除码、年龄/性别等执行器。,全部疾病编码 C53 宫颈恶性肿瘤,
1336,SZ医保-1336-780accf169,疾病编码性别冲突,当前基础规则模型可保存该规则描述，但尚未实现多条件、排除码、年龄/性别等执行器。,全部疾病编码 C54 子宫体恶性肿瘤,
1337,SZ医保-1337-646ba224cc,疾病编码性别冲突,当前基础规则模型可保存该规则描述，但尚未实现多条件、排除码、年龄/性别等执行器。,全部疾病编码 C55 子宫部位未特指的恶性肿瘤,
1338,SZ医保-1338-8d63b99099,疾病编码性别冲突,当前基础规则模型可保存该规则描述，但尚未实现多条件、排除码、年龄/性别等执行器。,全部疾病编码 C56 卵巢恶性肿瘤,
1339,SZ医保-1339-ece4966a07,疾病编码性别冲突,当前基础规则模型可保存该规则描述，但尚未实现多条件、排除码、年龄/性别等执行器。,全部疾病编码 C57 女性生殖器官其他和未特指的恶性肿瘤,
1340,SZ医保-1340-dcf8c5f22e,疾病编码性别冲突,当前基础规则模型可保存该规则描述，但尚未实现多条件、排除码、年龄/性别等执行器。,全部疾病编码 C58 胎盘恶性肿瘤,
1341,SZ医保-1341-7ef2b33f8f,疾病编码性别冲突,当前基础规则模型可保存该规则描述，但尚未实现多条件、排除码、年龄/性别等执行器。,全部疾病编码 C76.307 直肠阴道隔恶性肿瘤,
1342,SZ医保-1342-946af44817,疾病编码性别冲突,当前基础规则模型可保存该规则描述，但尚未实现多条件、排除码、年龄/性别等执行器。,全部疾病编码 C77.500x003 子宫旁淋巴结继发恶性肿瘤,
1343,SZ医保-1343-3ce630aba2,疾病编码性别冲突,当前基础规则模型可保存该规则描述，但尚未实现多条件、排除码、年龄/性别等执行器。,全部疾病编码 C79.6 卵巢继发性恶性肿瘤,
1344,SZ医保-1344-787f379595,疾病编码性别冲突,当前基础规则模型可保存该规则描述，但尚未实现多条件、排除码、年龄/性别等执行器。,全部疾病编码 C79.800x202 输卵管继发恶性肿瘤,
1345,SZ医保-1345-a513c2da9c,疾病编码性别冲突,当前基础规则模型可保存该规则描述，但尚未实现多条件、排除码、年龄/性别等执行器。,全部疾病编码 C79.800x205 子宫角继发恶性肿瘤,
1346,SZ医保-1346-cab7085d67,疾病编码性别冲突,当前基础规则模型可保存该规则描述，但尚未实现多条件、排除码、年龄/性别等执行器。,全部疾病编码 C79.800x206 子宫体继发恶性肿瘤,
1347,SZ医保-1347-84fa0eb3f7,疾病编码性别冲突,当前基础规则模型可保存该规则描述，但尚未实现多条件、排除码、年龄/性别等执行器。,全部疾病编码 C79.800x209 子宫颈继发恶性肿瘤,
1348,SZ医保-1348-a657d99986,疾病编码性别冲突,当前基础规则模型可保存该规则描述，但尚未实现多条件、排除码、年龄/性别等执行器。,全部疾病编码 C79.800x211 子宫旁继发恶性肿瘤,
1349,SZ医保-1349-669d4d1209,疾病编码性别冲突,当前基础规则模型可保存该规则描述，但尚未实现多条件、排除码、年龄/性别等执行器。,全部疾病编码 C79.800x213 子宫下段继发恶性肿瘤,
1350,SZ医保-1350-56d2afe1c3,疾病编码性别冲突,当前基础规则模型可保存该规则描述，但尚未实现多条件、排除码、年龄/性别等执行器。,全部疾病编码 C79.800x214 子宫韧带继发恶性肿瘤,
1351,SZ医保-1351-bf5a29f295,疾病编码性别冲突,当前基础规则模型可保存该规则描述，但尚未实现多条件、排除码、年龄/性别等执行器。,全部疾病编码 C79.800x215 子宫圆韧带继发恶性肿瘤,
1352,SZ医保-1352-c062aaa856,疾病编码性别冲突,当前基础规则模型可保存该规则描述，但尚未实现多条件、排除码、年龄/性别等执行器。,全部疾病编码 C79.800x216 子宫阔韧带继发恶性肿瘤,
1353,SZ医保-1353-74114630c5,疾病编码性别冲突,当前基础规则模型可保存该规则描述，但尚未实现多条件、排除码、年龄/性别等执行器。,全部疾病编码 C79.800x218 子宫卵巢韧带继发恶性肿瘤,
1354,SZ医保-1354-00ecff5757,疾病编码性别冲突,当前基础规则模型可保存该规则描述，但尚未实现多条件、排除码、年龄/性别等执行器。,全部疾病编码 C79.800x219 子宫骶骨韧带继发恶性肿瘤,
1355,SZ医保-1355-9991c5c989,疾病编码性别冲突,当前基础规则模型可保存该规则描述，但尚未实现多条件、排除码、年龄/性别等执行器。,全部疾病编码 C79.800x220 子宫内膜继发恶性肿瘤,
1356,SZ医保-1356-30b58ac78e,疾病编码性别冲突,当前基础规则模型可保存该规则描述，但尚未实现多条件、排除码、年龄/性别等执行器。,全部疾病编码 C79.800x222 子宫附件继发恶性肿瘤,
1357,SZ医保-1357-887d652a2f,疾病编码性别冲突,当前基础规则模型可保存该规则描述，但尚未实现多条件、排除码、年龄/性别等执行器。,全部疾病编码 C79.800x223 子宫肌层继发恶性肿瘤,
1358,SZ医保-1358-5f94c30718,疾病编码性别冲突,当前基础规则模型可保存该规则描述，但尚未实现多条件、排除码、年龄/性别等执行器。,全部疾病编码 C79.812 子宫继发恶性肿瘤,
1359,SZ医保-1359-0a2d017c9b,疾病编码性别冲突,当前基础规则模型可保存该规则描述，但尚未实现多条件、排除码、年龄/性别等执行器。,全部疾病编码 C79.813 附件继发恶性肿瘤,
1360,SZ医保-1360-9b7567f313,疾病编码性别冲突,当前基础规则模型可保存该规则描述，但尚未实现多条件、排除码、年龄/性别等执行器。,全部疾病编码 C79.814 阴道继发恶性肿瘤,
1361,SZ医保-1361-6c99a02f3f,疾病编码性别冲突,当前基础规则模型可保存该规则描述，但尚未实现多条件、排除码、年龄/性别等执行器。,全部疾病编码 C79.823 前庭大腺继发恶性肿瘤,
1362,SZ医保-1362-26e041da4b,疾病编码性别冲突,当前基础规则模型可保存该规则描述，但尚未实现多条件、排除码、年龄/性别等执行器。,全部疾病编码 C79.824 直肠阴道隔继发恶性肿瘤,
1363,SZ医保-1363-c01f0cfd45,疾病编码性别冲突,当前基础规则模型可保存该规则描述，但尚未实现多条件、排除码、年龄/性别等执行器。,全部疾病编码 C79.833 纳博特腺继发恶性肿瘤,
1364,SZ医保-1364-59838d562f,疾病编码性别冲突,当前基础规则模型可保存该规则描述，但尚未实现多条件、排除码、年龄/性别等执行器。,全部疾病编码 C85.900x016 卵巢淋巴瘤,
1365,SZ医保-1365-1336df729d,疾病编码性别冲突,当前基础规则模型可保存该规则描述，但尚未实现多条件、排除码、年龄/性别等执行器。,全部疾病编码 D06 宫颈原位癌,
1366,SZ医保-1366-c56e4fa24b,疾病编码性别冲突,当前基础规则模型可保存该规则描述，但尚未实现多条件、排除码、年龄/性别等执行器。,全部疾病编码 D07.0 子宫内膜原位癌,
1367,SZ医保-1367-74879e4ee8,疾病编码性别冲突,当前基础规则模型可保存该规则描述，但尚未实现多条件、排除码、年龄/性别等执行器。,全部疾病编码 D07.1 外阴原位癌,
1368,SZ医保-1368-8a0ffc496f,疾病编码性别冲突,当前基础规则模型可保存该规则描述，但尚未实现多条件、排除码、年龄/性别等执行器。,全部疾病编码 D07.2 阴道原位癌,
1369,SZ医保-1369-2443a577b8,疾病编码性别冲突,当前基础规则模型可保存该规则描述，但尚未实现多条件、排除码、年龄/性别等执行器。,全部疾病编码 D07.3 女性生殖器官其他和未特指的原位癌,
1370,SZ医保-1370-64427651a3,疾病编码性别冲突,当前基础规则模型可保存该规则描述，但尚未实现多条件、排除码、年龄/性别等执行器。,全部疾病编码 D17.300x001 大阴唇脂肪瘤,
1371,SZ医保-1371-854505c273,疾病编码性别冲突,当前基础规则模型可保存该规则描述，但尚未实现多条件、排除码、年龄/性别等执行器。,全部疾病编码 D17.300x003 阴道脂肪瘤,
1372,SZ医保-1372-3b020220ba,疾病编码性别冲突,当前基础规则模型可保存该规则描述，但尚未实现多条件、排除码、年龄/性别等执行器。,全部疾病编码 D17.700x024 子宫体脂肪瘤,
1373,SZ医保-1373-9a54add5cb,疾病编码性别冲突,当前基础规则模型可保存该规则描述，但尚未实现多条件、排除码、年龄/性别等执行器。,全部疾病编码 D18.000x817 女性生殖器血管瘤,
1374,SZ医保-1374-82a7c0bb51,疾病编码性别冲突,当前基础规则模型可保存该规则描述，但尚未实现多条件、排除码、年龄/性别等执行器。,全部疾病编码 D18.000x853 卵巢血管瘤,
1375,SZ医保-1375-ca8f93a4e9,疾病编码性别冲突,当前基础规则模型可保存该规则描述，但尚未实现多条件、排除码、年龄/性别等执行器。,全部疾病编码 D18.000x856 宫颈血管瘤,
1376,SZ医保-1376-d8ae3da206,疾病编码性别冲突,当前基础规则模型可保存该规则描述，但尚未实现多条件、排除码、年龄/性别等执行器。,全部疾病编码 D20.103 直肠子宫陷凹良性肿瘤,
1377,SZ医保-1377-e0288a6e8c,疾病编码性别冲突,当前基础规则模型可保存该规则描述，但尚未实现多条件、排除码、年龄/性别等执行器。,全部疾病编码 D21.507 阴道旁结缔组织良性肿瘤,
1378,SZ医保-1378-f7500aff7a,疾病编码性别冲突,当前基础规则模型可保存该规则描述，但尚未实现多条件、排除码、年龄/性别等执行器。,全部疾病编码 D21.508 直肠阴道壁结缔组织良性肿瘤,
1379,SZ医保-1379-0e079ed3bc,疾病编码性别冲突,当前基础规则模型可保存该规则描述，但尚未实现多条件、排除码、年龄/性别等执行器。,全部疾病编码 D25 子宫平滑肌瘤,
1380,SZ医保-1380-84fca7cd4d,疾病编码性别冲突,当前基础规则模型可保存该规则描述，但尚未实现多条件、排除码、年龄/性别等执行器。,全部疾病编码 D26 子宫其他良性肿瘤,
1381,SZ医保-1381-84b395345d,疾病编码性别冲突,当前基础规则模型可保存该规则描述，但尚未实现多条件、排除码、年龄/性别等执行器。,全部疾病编码 D27 卵巢良性肿瘤,
1382,SZ医保-1382-eefdb4783e,疾病编码性别冲突,当前基础规则模型可保存该规则描述，但尚未实现多条件、排除码、年龄/性别等执行器。,全部疾病编码 D28 女性生殖器官其他和未特指的良性肿瘤,
1383,SZ医保-1383-41a3273361,疾病编码性别冲突,当前基础规则模型可保存该规则描述，但尚未实现多条件、排除码、年龄/性别等执行器。,全部疾病编码 D36.100x048 直肠阴道隔周围神经和自主神经良性肿瘤,
1384,SZ医保-1384-e9f99cf62d,疾病编码性别冲突,当前基础规则模型可保存该规则描述，但尚未实现多条件、排除码、年龄/性别等执行器。,全部疾病编码 D36.700x019 直肠阴道隔良性肿瘤,
1385,SZ医保-1385-b530f218b2,疾病编码性别冲突,当前基础规则模型可保存该规则描述，但尚未实现多条件、排除码、年龄/性别等执行器。,全部疾病编码 D39 女性生殖器官动态未定或动态未知的肿瘤,
1386,SZ医保-1386-2eb6c55c5c,疾病编码性别冲突,当前基础规则模型可保存该规则描述，但尚未实现多条件、排除码、年龄/性别等执行器。,全部疾病编码 D48.129 直肠阴道隔结缔组织动态未定肿瘤,
1387,SZ医保-1387-9715cff906,疾病编码性别冲突,当前基础规则模型可保存该规则描述，但尚未实现多条件、排除码、年龄/性别等执行器。,全部疾病编码 D48.130 直肠阴道隔结缔组织肿瘤,
1388,SZ医保-1388-eabcc7e889,疾病编码性别冲突,当前基础规则模型可保存该规则描述，但尚未实现多条件、排除码、年龄/性别等执行器。,全部疾病编码 D48.200x043 直肠阴道隔周围神经和自主神经交界性肿瘤,
1389,SZ医保-1389-fb5345f77e,疾病编码性别冲突,当前基础规则模型可保存该规则描述，但尚未实现多条件、排除码、年龄/性别等执行器。,全部疾病编码 D48.400x003 直肠子宫陷凹交界性肿瘤,
1390,SZ医保-1390-83c036e9d6,疾病编码性别冲突,当前基础规则模型可保存该规则描述，但尚未实现多条件、排除码、年龄/性别等执行器。,全部疾病编码 E28 卵巢功能障碍,
1391,SZ医保-1391-d466f7c877,疾病编码性别冲突,当前基础规则模型可保存该规则描述，但尚未实现多条件、排除码、年龄/性别等执行器。,全部疾病编码 E30.002 幼稚型子宫,
1392,SZ医保-1392-74631db857,疾病编码性别冲突,当前基础规则模型可保存该规则描述，但尚未实现多条件、排除码、年龄/性别等执行器。,全部疾病编码 E30.102 早发月经,
1393,SZ医保-1393-687a0a7fee,疾病编码性别冲突,当前基础规则模型可保存该规则描述，但尚未实现多条件、排除码、年龄/性别等执行器。,全部疾病编码 E89.4 操作后卵巢功能衰竭,
1394,SZ医保-1394-673ca0481a,疾病编码性别冲突,当前基础规则模型可保存该规则描述，但尚未实现多条件、排除码、年龄/性别等执行器。,全部疾病编码 F45.807 精神源性痛经,
1395,SZ医保-1395-0faf057023,疾病编码性别冲突,当前基础规则模型可保存该规则描述，但尚未实现多条件、排除码、年龄/性别等执行器。,全部疾病编码 F52.5 非器质性阴道痉挛,
1396,SZ医保-1396-a9c94c9a55,疾病编码性别冲突,当前基础规则模型可保存该规则描述，但尚未实现多条件、排除码、年龄/性别等执行器。,"全部疾病编码 F53 与产褥期有关的精神和行为障碍,不可归类在他处者",
1397,SZ医保-1397-ef8d486e0e,疾病编码性别冲突,当前基础规则模型可保存该规则描述，但尚未实现多条件、排除码、年龄/性别等执行器。,全部疾病编码 I77.000x008 子宫旁动静脉瘘,
1398,SZ医保-1398-575fa02e02,疾病编码性别冲突,当前基础规则模型可保存该规则描述，但尚未实现多条件、排除码、年龄/性别等执行器。,全部疾病编码 I77.009 子宫动静脉瘘,
1399,SZ医保-1399-7124e5e30b,疾病编码性别冲突,当前基础规则模型可保存该规则描述，但尚未实现多条件、排除码、年龄/性别等执行器。,全部疾病编码 I86.3 外阴静脉曲张,
1400,SZ医保-1400-abbeccf1fd,疾病编码性别冲突,当前基础规则模型可保存该规则描述，但尚未实现多条件、排除码、年龄/性别等执行器。,全部疾病编码 I89.000x019 阴唇淋巴水肿,
1401,SZ医保-1401-584be777e5,疾病编码性别冲突,当前基础规则模型可保存该规则描述，但尚未实现多条件、排除码、年龄/性别等执行器。,全部疾病编码 I89.000x025 阴唇橡皮肿,
1402,SZ医保-1402-dff098d9d7,疾病编码性别冲突,当前基础规则模型可保存该规则描述，但尚未实现多条件、排除码、年龄/性别等执行器。,全部疾病编码 I89.800x032 子宫乳糜反流,
1403,SZ医保-1403-bb3db2a341,疾病编码性别冲突,当前基础规则模型可保存该规则描述，但尚未实现多条件、排除码、年龄/性别等执行器。,全部疾病编码 I89.800x033 阴道乳糜反流,
1404,SZ医保-1404-7f28ab3333,疾病编码性别冲突,当前基础规则模型可保存该规则描述，但尚未实现多条件、排除码、年龄/性别等执行器。,全部疾病编码 J45.100x002 月经期支气管哮喘,
1405,SZ医保-1405-6c509dfa1e,疾病编码性别冲突,当前基础规则模型可保存该规则描述，但尚未实现多条件、排除码、年龄/性别等执行器。,全部疾病编码 L29.2 外阴瘙痒(症),
1406,SZ医保-1406-b2de31a6b9,疾病编码性别冲突,当前基础规则模型可保存该规则描述，但尚未实现多条件、排除码、年龄/性别等执行器。,全部疾病编码 L98.800x007 月经疹,
1407,SZ医保-1407-040948269b,疾病编码性别冲突,当前基础规则模型可保存该规则描述，但尚未实现多条件、排除码、年龄/性别等执行器。,全部疾病编码 L98.800x016 女阴假性湿疣,
1408,SZ医保-1408-74a8e69104,疾病编码性别冲突,当前基础规则模型可保存该规则描述，但尚未实现多条件、排除码、年龄/性别等执行器。,全部疾病编码 M35.202+N77.8* 贝赫切特病性外阴溃疡,
1409,SZ医保-1409-a1f458b414,疾病编码性别冲突,当前基础规则模型可保存该规则描述，但尚未实现多条件、排除码、年龄/性别等执行器。,全部疾病编码 M80.0 绝经后骨质疏松伴有病理性骨折,
1410,SZ医保-1410-e0e5af0e92,疾病编码性别冲突,当前基础规则模型可保存该规则描述，但尚未实现多条件、排除码、年龄/性别等执行器。,全部疾病编码 M80.1 卵巢切除术后骨质疏松伴有病理性骨折,
1411,SZ医保-1411-76227a92de,疾病编码性别冲突,当前基础规则模型可保存该规则描述，但尚未实现多条件、排除码、年龄/性别等执行器。,全部疾病编码 M81.0 绝经后骨质疏松,
1412,SZ医保-1412-e9c90d7262,疾病编码性别冲突,当前基础规则模型可保存该规则描述，但尚未实现多条件、排除码、年龄/性别等执行器。,全部疾病编码 M81.1 卵巢切除术后骨质疏松,
1413,SZ医保-1413-ad365e0e40,疾病编码性别冲突,当前基础规则模型可保存该规则描述，但尚未实现多条件、排除码、年龄/性别等执行器。,全部疾病编码 M83.0 产褥期骨软化症,
1414,SZ医保-1414-5f34f10adf,疾病编码性别冲突,当前基础规则模型可保存该规则描述，但尚未实现多条件、排除码、年龄/性别等执行器。,全部疾病编码 N32.004 女性前列腺病,
1415,SZ医保-1415-47779772b2,疾病编码性别冲突,当前基础规则模型可保存该规则描述，但尚未实现多条件、排除码、年龄/性别等执行器。,全部疾病编码 N34.201 绝经后尿道炎,
1416,SZ医保-1416-c01ab8fc99,疾病编码性别冲突,当前基础规则模型可保存该规则描述，但尚未实现多条件、排除码、年龄/性别等执行器。,全部疾病编码 N35.000x001 分娩后尿道狭窄,
1417,SZ医保-1417-4942d503bd,疾病编码性别冲突,当前基础规则模型可保存该规则描述，但尚未实现多条件、排除码、年龄/性别等执行器。,全部疾病编码 N39.300x002 女性压力性尿失禁,
1418,SZ医保-1418-419589cddc,疾病编码性别冲突,当前基础规则模型可保存该规则描述，但尚未实现多条件、排除码、年龄/性别等执行器。,全部疾病编码 N70 输卵管炎和卵巢炎,
1419,SZ医保-1419-934d1381db,疾病编码性别冲突,当前基础规则模型可保存该规则描述，但尚未实现多条件、排除码、年龄/性别等执行器。,"全部疾病编码 N71 子宫炎性疾病,除外宫颈",
1420,SZ医保-1420-5f03e1669c,疾病编码性别冲突,当前基础规则模型可保存该规则描述，但尚未实现多条件、排除码、年龄/性别等执行器。,全部疾病编码 N72 宫颈炎性疾病,
1421,SZ医保-1421-e6bc381267,疾病编码性别冲突,当前基础规则模型可保存该规则描述，但尚未实现多条件、排除码、年龄/性别等执行器。,全部疾病编码 N73 其他女性盆腔炎性疾病,
1422,SZ医保-1422-7623f6f4b0,疾病编码性别冲突,当前基础规则模型可保存该规则描述，但尚未实现多条件、排除码、年龄/性别等执行器。,全部疾病编码 N74* 分类于他处的疾病引起的女性盆腔炎性疾患,
1423,SZ医保-1423-1749e66c92,疾病编码性别冲突,当前基础规则模型可保存该规则描述，但尚未实现多条件、排除码、年龄/性别等执行器。,全部疾病编码 N75 前庭大腺[巴多林腺]疾病,
1424,SZ医保-1424-678da2875a,疾病编码性别冲突,当前基础规则模型可保存该规则描述，但尚未实现多条件、排除码、年龄/性别等执行器。,全部疾病编码 N76 阴道和外阴的其他炎症,
1425,SZ医保-1425-11acb26a71,疾病编码性别冲突,当前基础规则模型可保存该规则描述，但尚未实现多条件、排除码、年龄/性别等执行器。,全部疾病编码 N77* 分类于他处的疾病引起的外阴阴道溃疡和炎症,
1426,SZ医保-1426-f7ea01ad95,疾病编码性别冲突,当前基础规则模型可保存该规则描述，但尚未实现多条件、排除码、年龄/性别等执行器。,全部疾病编码 N80 子宫内膜异位症,
1427,SZ医保-1427-d3e178a6c8,疾病编码性别冲突,当前基础规则模型可保存该规则描述，但尚未实现多条件、排除码、年龄/性别等执行器。,全部疾病编码 N81 女性生殖器脱垂,
1428,SZ医保-1428-33bfd9959c,疾病编码性别冲突,当前基础规则模型可保存该规则描述，但尚未实现多条件、排除码、年龄/性别等执行器。,全部疾病编码 N82 累及女性生殖道的瘘,
1429,SZ医保-1429-765181363d,疾病编码性别冲突,当前基础规则模型可保存该规则描述，但尚未实现多条件、排除码、年龄/性别等执行器。,全部疾病编码 N83 卵巢、输卵管和阔韧带的非炎性疾患,
1430,SZ医保-1430-2c2de6aa7d,疾病编码性别冲突,当前基础规则模型可保存该规则描述，但尚未实现多条件、排除码、年龄/性别等执行器。,全部疾病编码 N84 女性生殖道息肉,
1431,SZ医保-1431-08654b3149,疾病编码性别冲突,当前基础规则模型可保存该规则描述，但尚未实现多条件、排除码、年龄/性别等执行器。,"全部疾病编码 N85 子宫其他非炎性疾患,除外宫颈",
1432,SZ医保-1432-8b84d60b83,疾病编码性别冲突,当前基础规则模型可保存该规则描述，但尚未实现多条件、排除码、年龄/性别等执行器。,全部疾病编码 N86 宫颈糜烂和外翻,
1433,SZ医保-1433-47e93ac3b4,疾病编码性别冲突,当前基础规则模型可保存该规则描述，但尚未实现多条件、排除码、年龄/性别等执行器。,全部疾病编码 N87 宫颈发育不良,
1434,SZ医保-1434-163f4511a9,疾病编码性别冲突,当前基础规则模型可保存该规则描述，但尚未实现多条件、排除码、年龄/性别等执行器。,全部疾病编码 N88 宫颈其他非炎性疾患,
1435,SZ医保-1435-3b5223958a,疾病编码性别冲突,当前基础规则模型可保存该规则描述，但尚未实现多条件、排除码、年龄/性别等执行器。,全部疾病编码 N89 阴道的其他非炎性疾患,
1436,SZ医保-1436-fca7856ea4,疾病编码性别冲突,当前基础规则模型可保存该规则描述，但尚未实现多条件、排除码、年龄/性别等执行器。,全部疾病编码 N90 外阴和会阴的其他非炎性疾患,
1437,SZ医保-1437-1284d5ab48,疾病编码性别冲突,当前基础规则模型可保存该规则描述，但尚未实现多条件、排除码、年龄/性别等执行器。,全部疾病编码 N91 无月经、月经过少和月经稀少,
1438,SZ医保-1438-182f7b401e,疾病编码性别冲突,当前基础规则模型可保存该规则描述，但尚未实现多条件、排除码、年龄/性别等执行器。,全部疾病编码 N92 月经过多、月经频繁和月经不规则,
1439,SZ医保-1439-c7be7c434e,疾病编码性别冲突,当前基础规则模型可保存该规则描述，但尚未实现多条件、排除码、年龄/性别等执行器。,全部疾病编码 N93 其他异常的子宫和阴道出血,
1440,SZ医保-1440-6022c12bff,疾病编码性别冲突,当前基础规则模型可保存该规则描述，但尚未实现多条件、排除码、年龄/性别等执行器。,全部疾病编码 N94 与女性生殖器官和月经周期有关的疼痛和其他情况,
1441,SZ医保-1441-759850feb2,疾病编码性别冲突,当前基础规则模型可保存该规则描述，但尚未实现多条件、排除码、年龄/性别等执行器。,全部疾病编码 N95 绝经期和其他围绝经期的疾患,
1442,SZ医保-1442-ac76750323,疾病编码性别冲突,当前基础规则模型可保存该规则描述，但尚未实现多条件、排除码、年龄/性别等执行器。,全部疾病编码 N96 习惯性流产,
1443,SZ医保-1443-66cbadab67,疾病编码性别冲突,当前基础规则模型可保存该规则描述，但尚未实现多条件、排除码、年龄/性别等执行器。,全部疾病编码 N97 女性不孕症,
1444,SZ医保-1444-9acd1190fe,疾病编码性别冲突,当前基础规则模型可保存该规则描述，但尚未实现多条件、排除码、年龄/性别等执行器。,全部疾病编码 N98 与人工受精有关的并发症,
1445,SZ医保-1445-39c2b837ca,疾病编码性别冲突,当前基础规则模型可保存该规则描述，但尚未实现多条件、排除码、年龄/性别等执行器。,全部疾病编码 N99.2 阴道手术后粘连,
1446,SZ医保-1446-874fe5ba69,疾病编码性别冲突,当前基础规则模型可保存该规则描述，但尚未实现多条件、排除码、年龄/性别等执行器。,全部疾病编码 N99.3 子宫切除术后阴道穹隆脱垂,
1447,SZ医保-1447-b92d3240eb,疾病编码性别冲突,当前基础规则模型可保存该规则描述，但尚未实现多条件、排除码、年龄/性别等执行器。,全部疾病编码 N99.800x005 阴道成形术后阴道短小,
1448,SZ医保-1448-18d21965e7,疾病编码性别冲突,当前基础规则模型可保存该规则描述，但尚未实现多条件、排除码、年龄/性别等执行器。,全部疾病编码 N99.800x010 子宫切口憩室,
1449,SZ医保-1449-7e42d10e61,疾病编码性别冲突,当前基础规则模型可保存该规则描述，但尚未实现多条件、排除码、年龄/性别等执行器。,全部疾病编码 N99.801 残余卵巢综合征,
1450,SZ医保-1450-a4c2069b7e,疾病编码性别冲突,当前基础规则模型可保存该规则描述，但尚未实现多条件、排除码、年龄/性别等执行器。,全部疾病编码 O 妊娠、分娩和产褥期,
1451,SZ医保-1451-1f8f960eca,疾病编码性别冲突,当前基础规则模型可保存该规则描述，但尚未实现多条件、排除码、年龄/性别等执行器。,全部疾病编码 P54.6 新生儿阴道出血,
1452,SZ医保-1452-109596bbec,疾病编码性别冲突,当前基础规则模型可保存该规则描述，但尚未实现多条件、排除码、年龄/性别等执行器。,"全部疾病编码 P96.500 子宫内操作的并发症,不可归类在他处者",
1453,SZ医保-1453-e24bc307fa,疾病编码性别冲突,当前基础规则模型可保存该规则描述，但尚未实现多条件、排除码、年龄/性别等执行器。,全部疾病编码 Q27.300x009 子宫动静脉畸形,
1454,SZ医保-1454-aed9ea78e7,疾病编码性别冲突,当前基础规则模型可保存该规则描述，但尚未实现多条件、排除码、年龄/性别等执行器。,全部疾病编码 Q27.813 先天性子宫血管畸形,
1455,SZ医保-1455-f09ac2da79,疾病编码性别冲突,当前基础规则模型可保存该规则描述，但尚未实现多条件、排除码、年龄/性别等执行器。,全部疾病编码 Q27.814 先天性卵巢血管畸形,
1456,SZ医保-1456-6a20f37d01,疾病编码性别冲突,当前基础规则模型可保存该规则描述，但尚未实现多条件、排除码、年龄/性别等执行器。,全部疾病编码 Q42.200x902 先天性肛门闭锁伴直肠阴道瘘,
1457,SZ医保-1457-23a63dd6bb,疾病编码性别冲突,当前基础规则模型可保存该规则描述，但尚未实现多条件、排除码、年龄/性别等执行器。,全部疾病编码 Q42.200x904 先天性肛门闭锁伴直肠前庭瘘,
1458,SZ医保-1458-170073f21e,疾病编码性别冲突,当前基础规则模型可保存该规则描述，但尚未实现多条件、排除码、年龄/性别等执行器。,全部疾病编码 Q50 卵巢、输卵管和阔韧带先天性畸形,
1459,SZ医保-1459-392f047b39,疾病编码性别冲突,当前基础规则模型可保存该规则描述，但尚未实现多条件、排除码、年龄/性别等执行器。,全部疾病编码 Q51 子宫和宫颈先天性畸形,
1460,SZ医保-1460-e809975297,疾病编码性别冲突,当前基础规则模型可保存该规则描述，但尚未实现多条件、排除码、年龄/性别等执行器。,全部疾病编码 Q52 女性生殖器的其他先天性畸形,
1461,SZ医保-1461-d9202d87a2,疾病编码性别冲突,当前基础规则模型可保存该规则描述，但尚未实现多条件、排除码、年龄/性别等执行器。,"全部疾病编码 Q97.100 女性,伴有多于三个X染色体的",
1462,SZ医保-1462-fe1126d71b,疾病编码性别冲突,当前基础规则模型可保存该规则描述，但尚未实现多条件、排除码、年龄/性别等执行器。,"全部疾病编码 Q97.300 女性,染色体伴有46,XY核型",
1463,SZ医保-1463-30fd86d836,疾病编码性别冲突,当前基础规则模型可保存该规则描述，但尚未实现多条件、排除码、年龄/性别等执行器。,全部疾病编码 R87 女性生殖器官标本的异常所见,
1464,SZ医保-1464-0c8a02202a,疾病编码性别冲突,当前基础规则模型可保存该规则描述，但尚未实现多条件、排除码、年龄/性别等执行器。,全部疾病编码 R93.800x007 卵巢占位性病变,
1465,SZ医保-1465-bf0ff114bf,疾病编码性别冲突,当前基础规则模型可保存该规则描述，但尚未实现多条件、排除码、年龄/性别等执行器。,全部疾病编码 R93.803 子宫内膜增厚,
1466,SZ医保-1466-78313b1425,疾病编码性别冲突,当前基础规则模型可保存该规则描述，但尚未实现多条件、排除码、年龄/性别等执行器。,全部疾病编码 S30.200x007 大阴唇挫伤,
1467,SZ医保-1467-4bd32b8acb,疾病编码性别冲突,当前基础规则模型可保存该规则描述，但尚未实现多条件、排除码、年龄/性别等执行器。,全部疾病编码 S30.207 阴道挫伤,
1468,SZ医保-1468-36a9845b26,疾病编码性别冲突,当前基础规则模型可保存该规则描述，但尚未实现多条件、排除码、年龄/性别等执行器。,全部疾病编码 S31.4 阴道和外阴开放性伤口,
1469,SZ医保-1469-52a8712379,疾病编码性别冲突,当前基础规则模型可保存该规则描述，但尚未实现多条件、排除码、年龄/性别等执行器。,全部疾病编码 S31.803 阴道直肠贯通伤,
1470,SZ医保-1470-333f72e31e,疾病编码性别冲突,当前基础规则模型可保存该规则描述，但尚未实现多条件、排除码、年龄/性别等执行器。,全部疾病编码 S35.500x005 子宫动脉损伤,
1471,SZ医保-1471-dd7edf1c9f,疾病编码性别冲突,当前基础规则模型可保存该规则描述，但尚未实现多条件、排除码、年龄/性别等执行器。,全部疾病编码 S35.500x006 子宫静脉损伤,
1472,SZ医保-1472-31abec706f,疾病编码性别冲突,当前基础规则模型可保存该规则描述，但尚未实现多条件、排除码、年龄/性别等执行器。,全部疾病编码 S35.503 创伤性子宫动静脉破裂,
1473,SZ医保-1473-496110c56c,疾病编码性别冲突,当前基础规则模型可保存该规则描述，但尚未实现多条件、排除码、年龄/性别等执行器。,全部疾病编码 S35.800x001 卵巢动脉损伤,
1474,SZ医保-1474-7c5ee7c11b,疾病编码性别冲突,当前基础规则模型可保存该规则描述，但尚未实现多条件、排除码、年龄/性别等执行器。,全部疾病编码 S35.800x002 卵巢静脉损伤,
1475,SZ医保-1475-e25be38318,疾病编码性别冲突,当前基础规则模型可保存该规则描述，但尚未实现多条件、排除码、年龄/性别等执行器。,全部疾病编码 S35.801 卵巢动静脉损伤,
1476,SZ医保-1476-f2ab2cc625,疾病编码性别冲突,当前基础规则模型可保存该规则描述，但尚未实现多条件、排除码、年龄/性别等执行器。,全部疾病编码 S37.4 卵巢损伤,
1477,SZ医保-1477-858f7a13c0,疾病编码性别冲突,当前基础规则模型可保存该规则描述，但尚未实现多条件、排除码、年龄/性别等执行器。,全部疾病编码 S37.5 输卵管损伤,
1478,SZ医保-1478-45e41185b9,疾病编码性别冲突,当前基础规则模型可保存该规则描述，但尚未实现多条件、排除码、年龄/性别等执行器。,全部疾病编码 S37.6 子宫损伤,
1479,SZ医保-1479-f036413f34,疾病编码性别冲突,当前基础规则模型可保存该规则描述，但尚未实现多条件、排除码、年龄/性别等执行器。,全部疾病编码 S38.200x001 大阴唇切断,
1480,SZ医保-1480-00013f16a7,疾病编码性别冲突,当前基础规则模型可保存该规则描述，但尚未实现多条件、排除码、年龄/性别等执行器。,全部疾病编码 S38.200x002 小阴唇切断,
1481,SZ医保-1481-e1c0c63112,疾病编码性别冲突,当前基础规则模型可保存该规则描述，但尚未实现多条件、排除码、年龄/性别等执行器。,全部疾病编码 S39.901 处女膜损伤,
1482,SZ医保-1482-bc451da36d,疾病编码性别冲突,当前基础规则模型可保存该规则描述，但尚未实现多条件、排除码、年龄/性别等执行器。,全部疾病编码 T19.2 外阴和阴道内异物,
1483,SZ医保-1483-0881c00a98,疾病编码性别冲突,当前基础规则模型可保存该规则描述，但尚未实现多条件、排除码、年龄/性别等执行器。,全部疾病编码 T19.3 子宫内异物[任何部分],
1484,SZ医保-1484-af53eaab35,疾病编码性别冲突,当前基础规则模型可保存该规则描述，但尚未实现多条件、排除码、年龄/性别等执行器。,全部疾病编码 T21.000x051 大阴唇烧伤,
1485,SZ医保-1485-e819ff3860,疾病编码性别冲突,当前基础规则模型可保存该规则描述，但尚未实现多条件、排除码、年龄/性别等执行器。,全部疾病编码 T21.000x052 小阴唇烧伤,
1486,SZ医保-1486-34728a40cb,疾病编码性别冲突,当前基础规则模型可保存该规则描述，但尚未实现多条件、排除码、年龄/性别等执行器。,全部疾病编码 T21.100x051 大阴唇一度烧伤,
1487,SZ医保-1487-8300b6cccc,疾病编码性别冲突,当前基础规则模型可保存该规则描述，但尚未实现多条件、排除码、年龄/性别等执行器。,全部疾病编码 T21.100x052 小阴唇一度烧伤,
1488,SZ医保-1488-1cf6f7c025,疾病编码性别冲突,当前基础规则模型可保存该规则描述，但尚未实现多条件、排除码、年龄/性别等执行器。,全部疾病编码 T21.200x051 大阴唇二度烧伤,
1489,SZ医保-1489-10fa7242d4,疾病编码性别冲突,当前基础规则模型可保存该规则描述，但尚未实现多条件、排除码、年龄/性别等执行器。,全部疾病编码 T21.200x052 小阴唇二度烧伤,
1490,SZ医保-1490-95484946cf,疾病编码性别冲突,当前基础规则模型可保存该规则描述，但尚未实现多条件、排除码、年龄/性别等执行器。,全部疾病编码 T21.300x051 大阴唇三度烧伤,
1491,SZ医保-1491-490b201af2,疾病编码性别冲突,当前基础规则模型可保存该规则描述，但尚未实现多条件、排除码、年龄/性别等执行器。,全部疾病编码 T21.300x052 小阴唇三度烧伤,
1492,SZ医保-1492-45ea6d1b13,疾病编码性别冲突,当前基础规则模型可保存该规则描述，但尚未实现多条件、排除码、年龄/性别等执行器。,全部疾病编码 T21.400x051 大阴唇腐蚀伤,
1493,SZ医保-1493-e0312228c8,疾病编码性别冲突,当前基础规则模型可保存该规则描述，但尚未实现多条件、排除码、年龄/性别等执行器。,全部疾病编码 T21.400x052 小阴唇腐蚀伤,
1494,SZ医保-1494-43aaa2e92b,疾病编码性别冲突,当前基础规则模型可保存该规则描述，但尚未实现多条件、排除码、年龄/性别等执行器。,全部疾病编码 T21.500x051 大阴唇一度腐蚀伤,
1495,SZ医保-1495-682592e6df,疾病编码性别冲突,当前基础规则模型可保存该规则描述，但尚未实现多条件、排除码、年龄/性别等执行器。,全部疾病编码 T21.500x052 小阴唇一度腐蚀伤,
1496,SZ医保-1496-8dab6cf88d,疾病编码性别冲突,当前基础规则模型可保存该规则描述，但尚未实现多条件、排除码、年龄/性别等执行器。,全部疾病编码 T21.600x051 大阴唇二度腐蚀伤,
1497,SZ医保-1497-627f58d757,疾病编码性别冲突,当前基础规则模型可保存该规则描述，但尚未实现多条件、排除码、年龄/性别等执行器。,全部疾病编码 T21.600x052 小阴唇二度腐蚀伤,
1498,SZ医保-1498-2719985048,疾病编码性别冲突,当前基础规则模型可保存该规则描述，但尚未实现多条件、排除码、年龄/性别等执行器。,全部疾病编码 T21.700x051 大阴唇三度腐蚀伤,
1499,SZ医保-1499-9d62522b59,疾病编码性别冲突,当前基础规则模型可保存该规则描述，但尚未实现多条件、排除码、年龄/性别等执行器。,全部疾病编码 T21.700x052 小阴唇三度腐蚀伤,
1500,SZ医保-1500-9bd49cb17b,疾病编码性别冲突,当前基础规则模型可保存该规则描述，但尚未实现多条件、排除码、年龄/性别等执行器。,全部疾病编码 T28.300x001 阴道和子宫烧伤,
1501,SZ医保-1501-df4b107380,疾病编码性别冲突,当前基础规则模型可保存该规则描述，但尚未实现多条件、排除码、年龄/性别等执行器。,全部疾病编码 T28.300x002 阴道烧伤,
1502,SZ医保-1502-4dc1fe83a1,疾病编码性别冲突,当前基础规则模型可保存该规则描述，但尚未实现多条件、排除码、年龄/性别等执行器。,全部疾病编码 T28.300x003 子宫烧伤,
1503,SZ医保-1503-c22dc5faeb,疾病编码性别冲突,当前基础规则模型可保存该规则描述，但尚未实现多条件、排除码、年龄/性别等执行器。,全部疾病编码 T28.800x001 阴道和子宫腐蚀伤,
1504,SZ医保-1504-d736e52fb8,疾病编码性别冲突,当前基础规则模型可保存该规则描述，但尚未实现多条件、排除码、年龄/性别等执行器。,全部疾病编码 T28.800x002 阴道腐蚀伤,
1505,SZ医保-1505-90dcfdbe5e,疾病编码性别冲突,当前基础规则模型可保存该规则描述，但尚未实现多条件、排除码、年龄/性别等执行器。,全部疾病编码 T28.800x003 子宫腐蚀伤,
1506,SZ医保-1506-ab795eaf40,疾病编码性别冲突,当前基础规则模型可保存该规则描述，但尚未实现多条件、排除码、年龄/性别等执行器。,"全部疾病编码 T38.500 雌激素和孕激素中毒,其他的",
1507,SZ医保-1507-5787ad56f2,疾病编码性别冲突,当前基础规则模型可保存该规则描述，但尚未实现多条件、排除码、年龄/性别等执行器。,全部疾病编码 T38.500x002 孕激素中毒,
1508,SZ医保-1508-c900dd5555,疾病编码性别冲突,当前基础规则模型可保存该规则描述，但尚未实现多条件、排除码、年龄/性别等执行器。,全部疾病编码 T81.000x010 操作后阴道残端出血,
1509,SZ医保-1509-5ae0984ddb,疾病编码性别冲突,当前基础规则模型可保存该规则描述，但尚未实现多条件、排除码、年龄/性别等执行器。,全部疾病编码 T81.000x021 操作后宫颈出血,
1510,SZ医保-1510-d3a8c727da,疾病编码性别冲突,当前基础规则模型可保存该规则描述，但尚未实现多条件、排除码、年龄/性别等执行器。,全部疾病编码 T81.031 治疗后宫颈出血,
1511,SZ医保-1511-ed5c088380,疾病编码性别冲突,当前基础规则模型可保存该规则描述，但尚未实现多条件、排除码、年龄/性别等执行器。,全部疾病编码 T81.035 手术后子宫出血,
1512,SZ医保-1512-5f04a91177,疾病编码性别冲突,当前基础规则模型可保存该规则描述，但尚未实现多条件、排除码、年龄/性别等执行器。,全部疾病编码 T81.200x016 操作中子宫损伤,
1513,SZ医保-1513-2cfc9833d3,疾病编码性别冲突,当前基础规则模型可保存该规则描述，但尚未实现多条件、排除码、年龄/性别等执行器。,"全部疾病编码 T81.205 子宫穿孔,操作中",
1514,SZ医保-1514-b0e0e0ad02,疾病编码性别冲突,当前基础规则模型可保存该规则描述，但尚未实现多条件、排除码、年龄/性别等执行器。,"全部疾病编码 T81.215 阴道损伤,操作中",
1515,SZ医保-1515-b68e20073b,疾病编码性别冲突,当前基础规则模型可保存该规则描述，但尚未实现多条件、排除码、年龄/性别等执行器。,全部疾病编码 T81.500x001 操作后子宫内残留异物,
1516,SZ医保-1516-3b57e2456c,疾病编码性别冲突,当前基础规则模型可保存该规则描述，但尚未实现多条件、排除码、年龄/性别等执行器。,全部疾病编码 T81.503 手术后子宫内异物遗留,
1517,SZ医保-1517-c76fdca1d4,疾病编码性别冲突,当前基础规则模型可保存该规则描述，但尚未实现多条件、排除码、年龄/性别等执行器。,全部疾病编码 T83.3 子宫内避孕装置的机械性并发症,
1518,SZ医保-1518-08c1399890,疾病编码性别冲突,当前基础规则模型可保存该规则描述，但尚未实现多条件、排除码、年龄/性别等执行器。,全部疾病编码 T83.802 阴道网片侵蚀,
1519,SZ医保-1519-ee782225f0,疾病编码性别冲突,当前基础规则模型可保存该规则描述，但尚未实现多条件、排除码、年龄/性别等执行器。,全部疾病编码 Z01.4 妇科学(一般性)(常规)检查,
1520,SZ医保-1520-356bb67fcf,疾病编码性别冲突,当前基础规则模型可保存该规则描述，但尚未实现多条件、排除码、年龄/性别等执行器。,全部疾病编码 Z01.800x003 宫腔镜检查,
1521,SZ医保-1521-581c710eb9,疾病编码性别冲突,当前基础规则模型可保存该规则描述，但尚未实现多条件、排除码、年龄/性别等执行器。,全部疾病编码 Z09.802 人工流产后随诊检查,
1522,SZ医保-1522-acda1b126b,疾病编码性别冲突,当前基础规则模型可保存该规则描述，但尚未实现多条件、排除码、年龄/性别等执行器。,全部疾病编码 Z09.803 异位妊娠治疗后随诊检查,
1523,SZ医保-1523-cfe2cbde1a,疾病编码性别冲突,当前基础规则模型可保存该规则描述，但尚未实现多条件、排除码、年龄/性别等执行器。,全部疾病编码 Z12.4 宫颈肿瘤的特殊筛查,
1524,SZ医保-1524-87509ffc2e,疾病编码性别冲突,当前基础规则模型可保存该规则描述，但尚未实现多条件、排除码、年龄/性别等执行器。,全部疾病编码 Z30.1 (子宫内)避孕装置的放置绝育,
1525,SZ医保-1525-522742aac8,疾病编码性别冲突,当前基础规则模型可保存该规则描述，但尚未实现多条件、排除码、年龄/性别等执行器。,全部疾病编码 Z30.202 输卵管绝育,
1526,SZ医保-1526-e58320a466,疾病编码性别冲突,当前基础规则模型可保存该规则描述，但尚未实现多条件、排除码、年龄/性别等执行器。,全部疾病编码 Z30.3 月经引出,
1527,SZ医保-1527-977c24e757,疾病编码性别冲突,当前基础规则模型可保存该规则描述，但尚未实现多条件、排除码、年龄/性别等执行器。,全部疾病编码 Z30.5 (子宫内)避孕装置的监督,
1528,SZ医保-1528-da03920970,疾病编码性别冲突,当前基础规则模型可保存该规则描述，但尚未实现多条件、排除码、年龄/性别等执行器。,全部疾病编码 Z30.800x002 放置子宫内避孕装置失败,
1529,SZ医保-1529-9439975c20,疾病编码性别冲突,当前基础规则模型可保存该规则描述，但尚未实现多条件、排除码、年龄/性别等执行器。,全部疾病编码 Z30.800x003 放置输卵管内避孕装置,
1530,SZ医保-1530-f224638fdd,疾病编码性别冲突,当前基础规则模型可保存该规则描述，但尚未实现多条件、排除码、年龄/性别等执行器。,全部疾病编码 Z30.800x004 放置输卵管内避孕装置失败,
1531,SZ医保-1531-202d33cdfe,疾病编码性别冲突,当前基础规则模型可保存该规则描述，但尚未实现多条件、排除码、年龄/性别等执行器。,全部疾病编码 Z31.000x001 输卵管绝育术后复通,
1532,SZ医保-1532-961b2b35de,疾病编码性别冲突,当前基础规则模型可保存该规则描述，但尚未实现多条件、排除码、年龄/性别等执行器。,全部疾病编码 Z31.1 人工授精,
1533,SZ医保-1533-4630c69eae,疾病编码性别冲突,当前基础规则模型可保存该规则描述，但尚未实现多条件、排除码、年龄/性别等执行器。,全部疾病编码 Z31.2 试管内授精,
1534,SZ医保-1534-a3c5a7d995,疾病编码性别冲突,当前基础规则模型可保存该规则描述，但尚未实现多条件、排除码、年龄/性别等执行器。,全部疾病编码 Z32 妊娠检查和检验,
1535,SZ医保-1535-eaa2182869,疾病编码性别冲突,当前基础规则模型可保存该规则描述，但尚未实现多条件、排除码、年龄/性别等执行器。,全部疾病编码 Z33 附带妊娠状态,
1536,SZ医保-1536-8d473a60a0,疾病编码性别冲突,当前基础规则模型可保存该规则描述，但尚未实现多条件、排除码、年龄/性别等执行器。,全部疾病编码 Z34 正常妊娠监督,
1537,SZ医保-1537-619070e825,疾病编码性别冲突,当前基础规则模型可保存该规则描述，但尚未实现多条件、排除码、年龄/性别等执行器。,全部疾病编码 Z35 高危妊娠监督,
1538,SZ医保-1538-75a68366c7,疾病编码性别冲突,当前基础规则模型可保存该规则描述，但尚未实现多条件、排除码、年龄/性别等执行器。,全部疾病编码 Z36 产前筛查,
1539,SZ医保-1539-4c6a24fc6d,疾病编码性别冲突,当前基础规则模型可保存该规则描述，但尚未实现多条件、排除码、年龄/性别等执行器。,全部疾病编码 Z37 分娩的结局,
1540,SZ医保-1540-1a07c0b5a7,疾病编码性别冲突,当前基础规则模型可保存该规则描述，但尚未实现多条件、排除码、年龄/性别等执行器。,全部疾病编码 Z39 产后医疗照顾和检查,
1541,SZ医保-1541-15a4566f7b,疾病编码性别冲突,当前基础规则模型可保存该规则描述，但尚未实现多条件、排除码、年龄/性别等执行器。,全部疾病编码 Z87.5 妊娠、分娩和产褥期并发症个人史,
1542,SZ医保-1542-720ab979c8,疾病编码性别冲突,当前基础规则模型可保存该规则描述，但尚未实现多条件、排除码、年龄/性别等执行器。,全部疾病编码 Z90.704 单侧卵巢切除术后状态,
1543,SZ医保-1543-150c7d73d4,疾病编码性别冲突,当前基础规则模型可保存该规则描述，但尚未实现多条件、排除码、年龄/性别等执行器。,全部疾病编码 Z90.705 双侧卵巢切除术后状态,
1544,SZ医保-1544-af404d5851,疾病编码性别冲突,当前基础规则模型可保存该规则描述，但尚未实现多条件、排除码、年龄/性别等执行器。,全部疾病编码 Z90.706 单侧输卵管卵巢切除术后状态,
1545,SZ医保-1545-d6212b8a2a,疾病编码性别冲突,当前基础规则模型可保存该规则描述，但尚未实现多条件、排除码、年龄/性别等执行器。,全部疾病编码 Z90.707 双侧输卵管卵巢切除术后状态,
1546,SZ医保-1546-1491d67052,疾病编码性别冲突,当前基础规则模型可保存该规则描述，但尚未实现多条件、排除码、年龄/性别等执行器。,全部疾病编码 Z91.700 女性生殖器官切割史,
1547,SZ医保-1547-9bbcf91cf7,疾病编码性别冲突,当前基础规则模型可保存该规则描述，但尚未实现多条件、排除码、年龄/性别等执行器。,全部疾病编码 Z92.001 输卵管绝育史,
1548,SZ医保-1548-3f843de04f,疾病编码性别冲突,当前基础规则模型可保存该规则描述，但尚未实现多条件、排除码、年龄/性别等执行器。,全部疾病编码 Z97.5 (子宫内)具有避孕装置,
1549,SZ医保-1549-fe256048fa,疾病编码性别冲突,当前基础规则模型可保存该规则描述，但尚未实现多条件、排除码、年龄/性别等执行器。,全部疾病编码 Z98.800x301 宫颈术后,
1550,SZ医保-1550-cce45ac405,疾病编码性别冲突,当前基础规则模型可保存该规则描述，但尚未实现多条件、排除码、年龄/性别等执行器。,全部疾病编码 Z98.800x302 子宫术后,
1551,SZ医保-1551-4ee1af11c4,疾病编码性别冲突,当前基础规则模型可保存该规则描述，但尚未实现多条件、排除码、年龄/性别等执行器。,全部疾病编码 Z98.800x303 卵巢术后,
1552,SZ医保-1552-d1017cb8ba,疾病编码性别冲突,当前基础规则模型可保存该规则描述，但尚未实现多条件、排除码、年龄/性别等执行器。,全部疾病编码 Z98.800x306 葡萄胎术后,
1553,SZ医保-1553-3715ff9edc,疾病编码性别冲突,当前基础规则模型可保存该规则描述，但尚未实现多条件、排除码、年龄/性别等执行器。,全部疾病编码 Z98.800x307 前庭大腺术后,
1554,SZ医保-1554-90670e750e,疾病编码性别冲突,当前基础规则模型可保存该规则描述，但尚未实现多条件、排除码、年龄/性别等执行器。,全部疾病编码 Z98.800x308 人流术后,
1555,SZ医保-1555-87d7c02e45,疾病编码性别冲突,当前基础规则模型可保存该规则描述，但尚未实现多条件、排除码、年龄/性别等执行器。,全部疾病编码 Z98.800x309 输卵管术后,
1556,SZ医保-1556-d51e96108d,疾病编码性别冲突,当前基础规则模型可保存该规则描述，但尚未实现多条件、排除码、年龄/性别等执行器。,全部疾病编码 Z98.800x310 引产术后,
1557,SZ医保-1557-73ce25f4d8,疾病编码性别冲突,当前基础规则模型可保存该规则描述，但尚未实现多条件、排除码、年龄/性别等执行器。,全部疾病编码 Z98.800x312 药物流产术后,
1558,SZ医保-1558-db855674f2,疾病编码性别冲突,当前基础规则模型可保存该规则描述，但尚未实现多条件、排除码、年龄/性别等执行器。,全部疾病编码 Z98.800x313 胚胎移植术后,
1559,SZ医保-1559-130263d081,疾病编码性别冲突,当前基础规则模型可保存该规则描述，但尚未实现多条件、排除码、年龄/性别等执行器。,全部疾病编码 Z98.800x315 输卵管假体置入术后,
1560,SZ医保-1560-4f7e35a804,疾病编码性别冲突,当前基础规则模型可保存该规则描述，但尚未实现多条件、排除码、年龄/性别等执行器。,全部疾病编码 Z98.800x316 左侧输卵管绝育术后,
1561,SZ医保-1561-526f4b6bac,疾病编码性别冲突,当前基础规则模型可保存该规则描述，但尚未实现多条件、排除码、年龄/性别等执行器。,全部疾病编码 Z98.800x317 右侧输卵管绝育术后,
1562,SZ医保-1562-7212f8bd5a,疾病编码性别冲突,当前基础规则模型可保存该规则描述，但尚未实现多条件、排除码、年龄/性别等执行器。,全部疾病编码 Z98.800x318 双侧输卵管绝育术后,
1563,SZ医保-1563-0361ec29b2,疾病编码性别冲突,当前基础规则模型可保存该规则描述，但尚未实现多条件、排除码、年龄/性别等执行器。,全部疾病编码 Z98.800x319 多胎妊娠减胎术后,
1564,SZ医保-1564-985313eaa1,疾病编码性别冲突,当前基础规则模型可保存该规则描述，但尚未实现多条件、排除码、年龄/性别等执行器。,全部疾病编码 A06.800x003 阿米巴精囊炎,
1565,SZ医保-1565-a43bd88ab7,疾病编码性别冲突,当前基础规则模型可保存该规则描述，但尚未实现多条件、排除码、年龄/性别等执行器。,全部疾病编码 A06.800x004+N51.2* 阿米巴龟头炎,
1566,SZ医保-1566-34451eabb1,疾病编码性别冲突,当前基础规则模型可保存该规则描述，但尚未实现多条件、排除码、年龄/性别等执行器。,全部疾病编码 A18.100x018+N51.8* 精囊结核,
1567,SZ医保-1567-8aad48b128,疾病编码性别冲突,当前基础规则模型可保存该规则描述，但尚未实现多条件、排除码、年龄/性别等执行器。,全部疾病编码 A18.100x020+N51.8* 阴囊结核,
1568,SZ医保-1568-5c953637f5,疾病编码性别冲突,当前基础规则模型可保存该规则描述，但尚未实现多条件、排除码、年龄/性别等执行器。,全部疾病编码 A18.100x031 男性盆腔结核,
1569,SZ医保-1569-fc588e7ebb,疾病编码性别冲突,当前基础规则模型可保存该规则描述，但尚未实现多条件、排除码、年龄/性别等执行器。,全部疾病编码 A18.109+N51.0* 前列腺结核,
1570,SZ医保-1570-86d13140a3,疾病编码性别冲突,当前基础规则模型可保存该规则描述，但尚未实现多条件、排除码、年龄/性别等执行器。,全部疾病编码 A18.110+N51.8* 输精管结核,
1571,SZ医保-1571-093017e93c,疾病编码性别冲突,当前基础规则模型可保存该规则描述，但尚未实现多条件、排除码、年龄/性别等执行器。,全部疾病编码 A18.116+N51.8* 结核性阴囊瘘,
1572,SZ医保-1572-aad4f3239d,疾病编码性别冲突,当前基础规则模型可保存该规则描述，但尚未实现多条件、排除码、年龄/性别等执行器。,全部疾病编码 A18.117+N51.1* 睾丸结核,
1573,SZ医保-1573-9e306d7049,疾病编码性别冲突,当前基础规则模型可保存该规则描述，但尚未实现多条件、排除码、年龄/性别等执行器。,全部疾病编码 A18.118+N51.1* 附睾结核,
1574,SZ医保-1574-8d6b9100c5,疾病编码性别冲突,当前基础规则模型可保存该规则描述，但尚未实现多条件、排除码、年龄/性别等执行器。,全部疾病编码 A18.119+N51.8* 阴茎结核,
1575,SZ医保-1575-017b3bcaec,疾病编码性别冲突,当前基础规则模型可保存该规则描述，但尚未实现多条件、排除码、年龄/性别等执行器。,全部疾病编码 A51.001 阴茎下疳,
1576,SZ医保-1576-aea355a89e,疾病编码性别冲突,当前基础规则模型可保存该规则描述，但尚未实现多条件、排除码、年龄/性别等执行器。,全部疾病编码 A54.202+N51.0* 淋球菌性前列腺炎,
1577,SZ医保-1577-3027998fff,疾病编码性别冲突,当前基础规则模型可保存该规则描述，但尚未实现多条件、排除码、年龄/性别等执行器。,全部疾病编码 A54.203+N51.1* 淋球菌性睾丸炎,
1578,SZ医保-1578-dcc330c525,疾病编码性别冲突,当前基础规则模型可保存该规则描述，但尚未实现多条件、排除码、年龄/性别等执行器。,全部疾病编码 A54.204+N51.1* 淋球菌性附睾炎,
1579,SZ医保-1579-3f06e3fd6d,疾病编码性别冲突,当前基础规则模型可保存该规则描述，但尚未实现多条件、排除码、年龄/性别等执行器。,全部疾病编码 A56.102+N51.1* 衣原体性睾丸炎,
1580,SZ医保-1580-87335a616f,疾病编码性别冲突,当前基础规则模型可保存该规则描述，但尚未实现多条件、排除码、年龄/性别等执行器。,全部疾病编码 A56.103+N51.1* 衣原体性附睾炎,
1581,SZ医保-1581-6f64dbd6f9,疾病编码性别冲突,当前基础规则模型可保存该规则描述，但尚未实现多条件、排除码、年龄/性别等执行器。,全部疾病编码 A57.x00x003 阴茎软下疳,
1582,SZ医保-1582-cf1a5b28e0,疾病编码性别冲突,当前基础规则模型可保存该规则描述，但尚未实现多条件、排除码、年龄/性别等执行器。,全部疾病编码 A59.000x003+N51.0* 滴虫性前列腺炎,
1583,SZ医保-1583-d70b07da07,疾病编码性别冲突,当前基础规则模型可保存该规则描述，但尚未实现多条件、排除码、年龄/性别等执行器。,全部疾病编码 A60.000x004+N51.8* 阴囊单纯性疱疹,
1584,SZ医保-1584-8ed2ed2f4b,疾病编码性别冲突,当前基础规则模型可保存该规则描述，但尚未实现多条件、排除码、年龄/性别等执行器。,全部疾病编码 A60.003+N51.8* 阴茎单纯疱疹,
1585,SZ医保-1585-da11864c81,疾病编码性别冲突,当前基础规则模型可保存该规则描述，但尚未实现多条件、排除码、年龄/性别等执行器。,全部疾病编码 B26.0 流行性腮腺炎性睾丸炎,
1586,SZ医保-1586-e4b127547f,疾病编码性别冲突,当前基础规则模型可保存该规则描述，但尚未实现多条件、排除码、年龄/性别等执行器。,全部疾病编码 B37.402+N51.2* 念珠菌性龟头炎,
1587,SZ医保-1587-ac5d9c65c8,疾病编码性别冲突,当前基础规则模型可保存该规则描述，但尚未实现多条件、排除码、年龄/性别等执行器。,全部疾病编码 B45.800x002 前列腺隐球菌病,
1588,SZ医保-1588-adb325eeb7,疾病编码性别冲突,当前基础规则模型可保存该规则描述，但尚未实现多条件、排除码、年龄/性别等执行器。,全部疾病编码 C50.901 男性乳腺恶性肿瘤,
1589,SZ医保-1589-f36e8f10af,疾病编码性别冲突,当前基础规则模型可保存该规则描述，但尚未实现多条件、排除码、年龄/性别等执行器。,全部疾病编码 C60 阴茎恶性肿瘤,
1590,SZ医保-1590-bd2a60809c,疾病编码性别冲突,当前基础规则模型可保存该规则描述，但尚未实现多条件、排除码、年龄/性别等执行器。,全部疾病编码 C61 前列腺恶性肿瘤,
1591,SZ医保-1591-44c6057b60,疾病编码性别冲突,当前基础规则模型可保存该规则描述，但尚未实现多条件、排除码、年龄/性别等执行器。,全部疾病编码 C62 睾丸恶性肿瘤,
1592,SZ医保-1592-1d518833d7,疾病编码性别冲突,当前基础规则模型可保存该规则描述，但尚未实现多条件、排除码、年龄/性别等执行器。,全部疾病编码 C63 男性生殖器官其他和未特指的恶性肿瘤,
1593,SZ医保-1593-3516177c9a,疾病编码性别冲突,当前基础规则模型可保存该规则描述，但尚未实现多条件、排除码、年龄/性别等执行器。,全部疾病编码 C79.800x231 精索继发恶性肿瘤,
1594,SZ医保-1594-7c16adda51,疾病编码性别冲突,当前基础规则模型可保存该规则描述，但尚未实现多条件、排除码、年龄/性别等执行器。,全部疾病编码 C79.800x233 附睾继发恶性肿瘤,
1595,SZ医保-1595-036a942dca,疾病编码性别冲突,当前基础规则模型可保存该规则描述，但尚未实现多条件、排除码、年龄/性别等执行器。,全部疾病编码 C79.800x837 鞘膜继发恶性肿瘤,
1596,SZ医保-1596-57357c98b8,疾病编码性别冲突,当前基础规则模型可保存该规则描述，但尚未实现多条件、排除码、年龄/性别等执行器。,全部疾病编码 C79.815 输精管继发恶性肿瘤,
1597,SZ医保-1597-6186c70072,疾病编码性别冲突,当前基础规则模型可保存该规则描述，但尚未实现多条件、排除码、年龄/性别等执行器。,全部疾病编码 C79.816 精囊继发恶性肿瘤,
1598,SZ医保-1598-7d94b4fb59,疾病编码性别冲突,当前基础规则模型可保存该规则描述，但尚未实现多条件、排除码、年龄/性别等执行器。,全部疾病编码 C79.817 睾丸继发恶性肿瘤,
1599,SZ医保-1599-e5f0ed6ef5,疾病编码性别冲突,当前基础规则模型可保存该规则描述，但尚未实现多条件、排除码、年龄/性别等执行器。,全部疾病编码 C79.818 前列腺继发恶性肿瘤,
1600,SZ医保-1600-d10b2bba8a,疾病编码性别冲突,当前基础规则模型可保存该规则描述，但尚未实现多条件、排除码、年龄/性别等执行器。,全部疾病编码 C79.819 阴囊继发恶性肿瘤,
1601,SZ医保-1601-ad08f321c9,疾病编码性别冲突,当前基础规则模型可保存该规则描述，但尚未实现多条件、排除码、年龄/性别等执行器。,全部疾病编码 C79.820 阴茎继发恶性肿瘤,
1602,SZ医保-1602-95d301fea9,疾病编码性别冲突,当前基础规则模型可保存该规则描述，但尚未实现多条件、排除码、年龄/性别等执行器。,全部疾病编码 C85.900x012 睾丸淋巴瘤,
1603,SZ医保-1603-387430db2a,疾病编码性别冲突,当前基础规则模型可保存该规则描述，但尚未实现多条件、排除码、年龄/性别等执行器。,全部疾病编码 D07.4 阴茎原位癌,
1604,SZ医保-1604-a3a392c402,疾病编码性别冲突,当前基础规则模型可保存该规则描述，但尚未实现多条件、排除码、年龄/性别等执行器。,全部疾病编码 D07.5 前列腺原位癌,
1605,SZ医保-1605-e1a021b32c,疾病编码性别冲突,当前基础规则模型可保存该规则描述，但尚未实现多条件、排除码、年龄/性别等执行器。,全部疾病编码 D07.6 男性生殖器官其他和未特指的原位癌,
1606,SZ医保-1606-3f7f9e2793,疾病编码性别冲突,当前基础规则模型可保存该规则描述，但尚未实现多条件、排除码、年龄/性别等执行器。,全部疾病编码 D17.6 精索良性脂肪瘤样肿瘤,
1607,SZ医保-1607-61104e680a,疾病编码性别冲突,当前基础规则模型可保存该规则描述，但尚未实现多条件、排除码、年龄/性别等执行器。,全部疾病编码 D17.700x033 阴茎脂肪瘤,
1608,SZ医保-1608-5584af24a9,疾病编码性别冲突,当前基础规则模型可保存该规则描述，但尚未实现多条件、排除码、年龄/性别等执行器。,全部疾病编码 D17.700x034 阴囊脂肪瘤,
1609,SZ医保-1609-158814855b,疾病编码性别冲突,当前基础规则模型可保存该规则描述，但尚未实现多条件、排除码、年龄/性别等执行器。,全部疾病编码 D18.000x815 龟头血管瘤,
1610,SZ医保-1610-ca7a2ab07b,疾病编码性别冲突,当前基础规则模型可保存该规则描述，但尚未实现多条件、排除码、年龄/性别等执行器。,全部疾病编码 D18.000x818 男性生殖器血管瘤,
1611,SZ医保-1611-3e24e2bc77,疾病编码性别冲突,当前基础规则模型可保存该规则描述，但尚未实现多条件、排除码、年龄/性别等执行器。,全部疾病编码 D18.000x855 包皮血管瘤,
1612,SZ医保-1612-1bff4abbe5,疾病编码性别冲突,当前基础规则模型可保存该规则描述，但尚未实现多条件、排除码、年龄/性别等执行器。,全部疾病编码 D18.100x017 阴囊淋巴管瘤,
1613,SZ医保-1613-de7d6e9a60,疾病编码性别冲突,当前基础规则模型可保存该规则描述，但尚未实现多条件、排除码、年龄/性别等执行器。,全部疾病编码 D29 男性生殖器官良性肿瘤,
1614,SZ医保-1614-44401880ce,疾病编码性别冲突,当前基础规则模型可保存该规则描述，但尚未实现多条件、排除码、年龄/性别等执行器。,全部疾病编码 D40 男性生殖器官动态未定或动态未知的肿瘤,
1615,SZ医保-1615-20a9eeaac8,疾病编码性别冲突,当前基础规则模型可保存该规则描述，但尚未实现多条件、排除码、年龄/性别等执行器。,全部疾病编码 E25.000x007 早熟性巨睾症,
1616,SZ医保-1616-71cccbf4d4,疾病编码性别冲突,当前基础规则模型可保存该规则描述，但尚未实现多条件、排除码、年龄/性别等执行器。,全部疾病编码 E25.903 男性肾上腺增生性性早熟,
1617,SZ医保-1617-37aa3cf4e0,疾病编码性别冲突,当前基础规则模型可保存该规则描述，但尚未实现多条件、排除码、年龄/性别等执行器。,全部疾病编码 E29 睾丸功能障碍,
1618,SZ医保-1618-740e2d37ae,疾病编码性别冲突,当前基础规则模型可保存该规则描述，但尚未实现多条件、排除码、年龄/性别等执行器。,全部疾病编码 E89.5 操作后睾丸功能减退,
1619,SZ医保-1619-b5bb9fccaf,疾病编码性别冲突,当前基础规则模型可保存该规则描述，但尚未实现多条件、排除码、年龄/性别等执行器。,全部疾病编码 F52.201 心因性阳痿,
1620,SZ医保-1620-335ad52290,疾病编码性别冲突,当前基础规则模型可保存该规则描述，但尚未实现多条件、排除码、年龄/性别等执行器。,全部疾病编码 F52.202 男性勃起障碍,
1621,SZ医保-1621-5ff48fe3cd,疾病编码性别冲突,当前基础规则模型可保存该规则描述，但尚未实现多条件、排除码、年龄/性别等执行器。,全部疾病编码 F52.4 早泄,
1622,SZ医保-1622-59e17703b6,疾病编码性别冲突,当前基础规则模型可保存该规则描述，但尚未实现多条件、排除码、年龄/性别等执行器。,全部疾病编码 I86.1 阴囊静脉曲张,
1623,SZ医保-1623-9e1bbbf49d,疾病编码性别冲突,当前基础规则模型可保存该规则描述，但尚未实现多条件、排除码、年龄/性别等执行器。,全部疾病编码 I87.120 精索静脉压迫综合征,
1624,SZ医保-1624-2886ad4f32,疾病编码性别冲突,当前基础规则模型可保存该规则描述，但尚未实现多条件、排除码、年龄/性别等执行器。,全部疾病编码 I87.804 阴茎静脉纤维化,
1625,SZ医保-1625-70cfc0cbf6,疾病编码性别冲突,当前基础规则模型可保存该规则描述，但尚未实现多条件、排除码、年龄/性别等执行器。,全部疾病编码 I89.000x022 包皮淋巴水肿,
1626,SZ医保-1626-17af030cc7,疾病编码性别冲突,当前基础规则模型可保存该规则描述，但尚未实现多条件、排除码、年龄/性别等执行器。,全部疾病编码 I89.000x024 阴囊橡皮肿,
1627,SZ医保-1627-aa9aabab36,疾病编码性别冲突,当前基础规则模型可保存该规则描述，但尚未实现多条件、排除码、年龄/性别等执行器。,全部疾病编码 I89.008 阴囊淋巴水肿,
1628,SZ医保-1628-d60c27ca13,疾病编码性别冲突,当前基础规则模型可保存该规则描述，但尚未实现多条件、排除码、年龄/性别等执行器。,全部疾病编码 I89.800x010 非丝虫性阴囊乳靡囊肿,
1629,SZ医保-1629-510c16cc21,疾病编码性别冲突,当前基础规则模型可保存该规则描述，但尚未实现多条件、排除码、年龄/性别等执行器。,全部疾病编码 K40.907 阴囊疝,
1630,SZ医保-1630-9d83ccb305,疾病编码性别冲突,当前基础规则模型可保存该规则描述，但尚未实现多条件、排除码、年龄/性别等执行器。,全部疾病编码 K60.403 直肠阴囊皮肤瘘,
1631,SZ医保-1631-d581e597c8,疾病编码性别冲突,当前基础规则模型可保存该规则描述，但尚未实现多条件、排除码、年龄/性别等执行器。,全部疾病编码 K65.013 男性盆腔脓肿,
1632,SZ医保-1632-56669615ae,疾病编码性别冲突,当前基础规则模型可保存该规则描述，但尚未实现多条件、排除码、年龄/性别等执行器。,全部疾病编码 K65.014 男性盆腔炎,
1633,SZ医保-1633-828734da9d,疾病编码性别冲突,当前基础规则模型可保存该规则描述，但尚未实现多条件、排除码、年龄/性别等执行器。,全部疾病编码 K65.015 男性盆腔炎性包块,
1634,SZ医保-1634-c7c1bf139b,疾病编码性别冲突,当前基础规则模型可保存该规则描述，但尚未实现多条件、排除码、年龄/性别等执行器。,全部疾病编码 L29.1 阴囊瘙痒(症),
1635,SZ医保-1635-ae6aded18b,疾病编码性别冲突,当前基础规则模型可保存该规则描述，但尚未实现多条件、排除码、年龄/性别等执行器。,全部疾病编码 L30.904 阴囊湿疹,
1636,SZ医保-1636-dcca536cb4,疾病编码性别冲突,当前基础规则模型可保存该规则描述，但尚未实现多条件、排除码、年龄/性别等执行器。,全部疾病编码 L68.000 男性型多毛症,
1637,SZ医保-1637-069a5fda25,疾病编码性别冲突,当前基础规则模型可保存该规则描述，但尚未实现多条件、排除码、年龄/性别等执行器。,全部疾病编码 L90.500x071 男性生殖器瘢痕,
1638,SZ医保-1638-2910da2330,疾病编码性别冲突,当前基础规则模型可保存该规则描述，但尚未实现多条件、排除码、年龄/性别等执行器。,全部疾病编码 L90.500x072 睾丸瘢痕,
1639,SZ医保-1639-04f02c6d53,疾病编码性别冲突,当前基础规则模型可保存该规则描述，但尚未实现多条件、排除码、年龄/性别等执行器。,全部疾病编码 L90.500x073 阴囊瘢痕,
1640,SZ医保-1640-c6439d0003,疾病编码性别冲突,当前基础规则模型可保存该规则描述，但尚未实现多条件、排除码、年龄/性别等执行器。,全部疾病编码 L90.500x074 男性外阴瘢痕,
1641,SZ医保-1641-9874948b0a,疾病编码性别冲突,当前基础规则模型可保存该规则描述，但尚未实现多条件、排除码、年龄/性别等执行器。,全部疾病编码 N32.815 男性膀胱疝,
1642,SZ医保-1642-91b03b5b69,疾病编码性别冲突,当前基础规则模型可保存该规则描述，但尚未实现多条件、排除码、年龄/性别等执行器。,全部疾病编码 N36.301 男性尿道膨出,
1643,SZ医保-1643-4dcd74edaa,疾病编码性别冲突,当前基础规则模型可保存该规则描述，但尚未实现多条件、排除码、年龄/性别等执行器。,全部疾病编码 N36.801 精阜肥大,
1644,SZ医保-1644-c640478347,疾病编码性别冲突,当前基础规则模型可保存该规则描述，但尚未实现多条件、排除码、年龄/性别等执行器。,全部疾病编码 N40 前列腺增生,
1645,SZ医保-1645-ba03095cdf,疾病编码性别冲突,当前基础规则模型可保存该规则描述，但尚未实现多条件、排除码、年龄/性别等执行器。,全部疾病编码 N41 前列腺炎性疾病,
1646,SZ医保-1646-8afdb13ff3,疾病编码性别冲突,当前基础规则模型可保存该规则描述，但尚未实现多条件、排除码、年龄/性别等执行器。,全部疾病编码 N42 前列腺的其他疾患,
1647,SZ医保-1647-059b5be8af,疾病编码性别冲突,当前基础规则模型可保存该规则描述，但尚未实现多条件、排除码、年龄/性别等执行器。,全部疾病编码 N43 鞘膜积液和精子囊肿,
1648,SZ医保-1648-937a31ea99,疾病编码性别冲突,当前基础规则模型可保存该规则描述，但尚未实现多条件、排除码、年龄/性别等执行器。,全部疾病编码 N44 睾丸扭转,
1649,SZ医保-1649-cdb1683386,疾病编码性别冲突,当前基础规则模型可保存该规则描述，但尚未实现多条件、排除码、年龄/性别等执行器。,全部疾病编码 N45 睾丸炎和附睾炎,
1650,SZ医保-1650-66955243ea,疾病编码性别冲突,当前基础规则模型可保存该规则描述，但尚未实现多条件、排除码、年龄/性别等执行器。,全部疾病编码 N46 男性不育症,
1651,SZ医保-1651-72f40e8405,疾病编码性别冲突,当前基础规则模型可保存该规则描述，但尚未实现多条件、排除码、年龄/性别等执行器。,全部疾病编码 N47 包皮过长、包茎和嵌顿包茎,
1652,SZ医保-1652-d0187620f7,疾病编码性别冲突,当前基础规则模型可保存该规则描述，但尚未实现多条件、排除码、年龄/性别等执行器。,全部疾病编码 N48 阴茎的其他疾患,
1653,SZ医保-1653-7caf38595e,疾病编码性别冲突,当前基础规则模型可保存该规则描述，但尚未实现多条件、排除码、年龄/性别等执行器。,"全部疾病编码 N49 男性生殖器官炎性疾患,不可归类在他处者",
1654,SZ医保-1654-f35a90b99d,疾病编码性别冲突,当前基础规则模型可保存该规则描述，但尚未实现多条件、排除码、年龄/性别等执行器。,全部疾病编码 N50 男性生殖器官的其他疾患,
1655,SZ医保-1655-1b380f368e,疾病编码性别冲突,当前基础规则模型可保存该规则描述，但尚未实现多条件、排除码、年龄/性别等执行器。,全部疾病编码 N51* 分类于他处的疾病引起的男性生殖器官疾患,
1656,SZ医保-1656-ae55658fad,疾病编码性别冲突,当前基础规则模型可保存该规则描述，但尚未实现多条件、排除码、年龄/性别等执行器。,全部疾病编码 N60.101 男性乳腺囊性增生,
1657,SZ医保-1657-c0e6c4eb4b,疾病编码性别冲突,当前基础规则模型可保存该规则描述，但尚未实现多条件、排除码、年龄/性别等执行器。,全部疾病编码 N62.x02 男性乳房发育,
1658,SZ医保-1658-39e0fc0ead,疾病编码性别冲突,当前基础规则模型可保存该规则描述，但尚未实现多条件、排除码、年龄/性别等执行器。,全部疾病编码 P83.500 先天性鞘膜积液,
1659,SZ医保-1659-aa3f5ad65c,疾病编码性别冲突,当前基础规则模型可保存该规则描述，但尚未实现多条件、排除码、年龄/性别等执行器。,全部疾病编码 P83.500x002 先天性睾丸鞘膜积液,
1660,SZ医保-1660-58a69f2c9b,疾病编码性别冲突,当前基础规则模型可保存该规则描述，但尚未实现多条件、排除码、年龄/性别等执行器。,全部疾病编码 P83.500x003 先天性精索鞘膜积液,
1661,SZ医保-1661-eea2a7135e,疾病编码性别冲突,当前基础规则模型可保存该规则描述，但尚未实现多条件、排除码、年龄/性别等执行器。,全部疾病编码 Q27.815 先天性睾丸血管畸形,
1662,SZ医保-1662-8bbca033cf,疾病编码性别冲突,当前基础规则模型可保存该规则描述，但尚未实现多条件、排除码、年龄/性别等执行器。,全部疾病编码 Q53 睾丸未降,
1663,SZ医保-1663-3935799456,疾病编码性别冲突,当前基础规则模型可保存该规则描述，但尚未实现多条件、排除码、年龄/性别等执行器。,"全部疾病编码 Q54.000 尿道下裂,龟头的",
1664,SZ医保-1664-dafc2becbf,疾病编码性别冲突,当前基础规则模型可保存该规则描述，但尚未实现多条件、排除码、年龄/性别等执行器。,全部疾病编码 Q54.100 阴茎部尿道下裂,
1665,SZ医保-1665-3548561072,疾病编码性别冲突,当前基础规则模型可保存该规则描述，但尚未实现多条件、排除码、年龄/性别等执行器。,全部疾病编码 Q54.200 阴茎阴囊部尿道下裂,
1666,SZ医保-1666-1a9d09247b,疾病编码性别冲突,当前基础规则模型可保存该规则描述，但尚未实现多条件、排除码、年龄/性别等执行器。,全部疾病编码 Q54.400 先天性痛性阴茎勃起,
1667,SZ医保-1667-b54dc2c87b,疾病编码性别冲突,当前基础规则模型可保存该规则描述，但尚未实现多条件、排除码、年龄/性别等执行器。,全部疾病编码 Q55 男性生殖器官的其他先天性,
1668,SZ医保-1668-6890da9290,疾病编码性别冲突,当前基础规则模型可保存该规则描述，但尚未实现多条件、排除码、年龄/性别等执行器。,全部疾病编码 Q85.900x032 精囊错构瘤,
1669,SZ医保-1669-d647af1924,疾病编码性别冲突,当前基础规则模型可保存该规则描述，但尚未实现多条件、排除码、年龄/性别等执行器。,全部疾病编码 R86 男性生殖器官标本的异常所见,
1670,SZ医保-1670-e2ebda8806,疾病编码性别冲突,当前基础规则模型可保存该规则描述，但尚未实现多条件、排除码、年龄/性别等执行器。,全部疾病编码 S30.202 创伤性阴囊血肿,
1671,SZ医保-1671-34d3d0688b,疾病编码性别冲突,当前基础规则模型可保存该规则描述，但尚未实现多条件、排除码、年龄/性别等执行器。,全部疾病编码 S30.203 创伤性附睾血肿,
1672,SZ医保-1672-e037b5ab96,疾病编码性别冲突,当前基础规则模型可保存该规则描述，但尚未实现多条件、排除码、年龄/性别等执行器。,全部疾病编码 S30.205 阴囊挫伤,
1673,SZ医保-1673-a0656d28cb,疾病编码性别冲突,当前基础规则模型可保存该规则描述，但尚未实现多条件、排除码、年龄/性别等执行器。,全部疾病编码 S30.206 阴茎挫伤,
1674,SZ医保-1674-8600359ced,疾病编码性别冲突,当前基础规则模型可保存该规则描述，但尚未实现多条件、排除码、年龄/性别等执行器。,全部疾病编码 S30.208 睾丸挫伤,
1675,SZ医保-1675-c26c81d77e,疾病编码性别冲突,当前基础规则模型可保存该规则描述，但尚未实现多条件、排除码、年龄/性别等执行器。,全部疾病编码 S31.2 阴茎开放性伤口,
1676,SZ医保-1676-962c9ab2aa,疾病编码性别冲突,当前基础规则模型可保存该规则描述，但尚未实现多条件、排除码、年龄/性别等执行器。,全部疾病编码 S31.3 阴囊和睾丸开放性伤口,
1677,SZ医保-1677-1d3a23c24f,疾病编码性别冲突,当前基础规则模型可保存该规则描述，但尚未实现多条件、排除码、年龄/性别等执行器。,全部疾病编码 S37.300x021 尿道阴茎部损伤,
1678,SZ医保-1678-eca3d2713d,疾病编码性别冲突,当前基础规则模型可保存该规则描述，但尚未实现多条件、排除码、年龄/性别等执行器。,全部疾病编码 S37.300x031 尿道前列腺部损伤,
1679,SZ医保-1679-977d1043ac,疾病编码性别冲突,当前基础规则模型可保存该规则描述，但尚未实现多条件、排除码、年龄/性别等执行器。,全部疾病编码 S37.300x083 后尿道损伤,
1680,SZ医保-1680-fd0c7488b8,疾病编码性别冲突,当前基础规则模型可保存该规则描述，但尚未实现多条件、排除码、年龄/性别等执行器。,全部疾病编码 S37.801 输精管损伤,
1681,SZ医保-1681-3cd366c251,疾病编码性别冲突,当前基础规则模型可保存该规则描述，但尚未实现多条件、排除码、年龄/性别等执行器。,全部疾病编码 S37.802 精囊损伤,
1682,SZ医保-1682-1a48400a4d,疾病编码性别冲突,当前基础规则模型可保存该规则描述，但尚未实现多条件、排除码、年龄/性别等执行器。,全部疾病编码 S37.804 前列腺损伤,
1683,SZ医保-1683-ad6171f1d0,疾病编码性别冲突,当前基础规则模型可保存该规则描述，但尚未实现多条件、排除码、年龄/性别等执行器。,全部疾病编码 S37.811 开放性输精管损伤,
1684,SZ医保-1684-24a4eabd3d,疾病编码性别冲突,当前基础规则模型可保存该规则描述，但尚未实现多条件、排除码、年龄/性别等执行器。,全部疾病编码 S37.814 开放性前列腺损伤,
1685,SZ医保-1685-15c02c893c,疾病编码性别冲突,当前基础规则模型可保存该规则描述，但尚未实现多条件、排除码、年龄/性别等执行器。,全部疾病编码 S38.001 阴茎挤压伤,
1686,SZ医保-1686-b5c95ddc23,疾病编码性别冲突,当前基础规则模型可保存该规则描述，但尚未实现多条件、排除码、年龄/性别等执行器。,全部疾病编码 S38.200x003 阴茎离断,
1687,SZ医保-1687-9feda73604,疾病编码性别冲突,当前基础规则模型可保存该规则描述，但尚未实现多条件、排除码、年龄/性别等执行器。,全部疾病编码 S38.200x004 阴囊离断,
1688,SZ医保-1688-97d71f7097,疾病编码性别冲突,当前基础规则模型可保存该规则描述，但尚未实现多条件、排除码、年龄/性别等执行器。,全部疾病编码 S38.200x005 睾丸离断,
1689,SZ医保-1689-f936e68b35,疾病编码性别冲突,当前基础规则模型可保存该规则描述，但尚未实现多条件、排除码、年龄/性别等执行器。,全部疾病编码 S39.900x007 阴囊损伤,
1690,SZ医保-1690-405c8b7237,疾病编码性别冲突,当前基础规则模型可保存该规则描述，但尚未实现多条件、排除码、年龄/性别等执行器。,全部疾病编码 S39.900x009 附睾损伤,
1691,SZ医保-1691-6a0ea7e1b6,疾病编码性别冲突,当前基础规则模型可保存该规则描述，但尚未实现多条件、排除码、年龄/性别等执行器。,全部疾病编码 S39.900x010 睾丸损伤,
1692,SZ医保-1692-1ecb38ae76,疾病编码性别冲突,当前基础规则模型可保存该规则描述，但尚未实现多条件、排除码、年龄/性别等执行器。,全部疾病编码 S39.904 阴茎损伤,
1693,SZ医保-1693-a090e8de60,疾病编码性别冲突,当前基础规则模型可保存该规则描述，但尚未实现多条件、排除码、年龄/性别等执行器。,全部疾病编码 T19.800x002 阴茎内异物,
1694,SZ医保-1694-a0c37a2a41,疾病编码性别冲突,当前基础规则模型可保存该规则描述，但尚未实现多条件、排除码、年龄/性别等执行器。,全部疾病编码 T21.000x053 阴茎烧伤,
1695,SZ医保-1695-8d8512c14d,疾病编码性别冲突,当前基础规则模型可保存该规则描述，但尚未实现多条件、排除码、年龄/性别等执行器。,全部疾病编码 T21.000x055 阴囊烧伤,
1696,SZ医保-1696-a4ee026ed0,疾病编码性别冲突,当前基础规则模型可保存该规则描述，但尚未实现多条件、排除码、年龄/性别等执行器。,全部疾病编码 T21.000x056 睾丸烧伤,
1697,SZ医保-1697-368b094f2e,疾病编码性别冲突,当前基础规则模型可保存该规则描述，但尚未实现多条件、排除码、年龄/性别等执行器。,全部疾病编码 T21.100x053 阴茎一度烧伤,
1698,SZ医保-1698-c7d042f83a,疾病编码性别冲突,当前基础规则模型可保存该规则描述，但尚未实现多条件、排除码、年龄/性别等执行器。,全部疾病编码 T21.100x055 阴囊一度烧伤,
1699,SZ医保-1699-f58e8ea1d1,疾病编码性别冲突,当前基础规则模型可保存该规则描述，但尚未实现多条件、排除码、年龄/性别等执行器。,全部疾病编码 T21.100x056 睾丸一度烧伤,
1700,SZ医保-1700-6c094a770d,疾病编码性别冲突,当前基础规则模型可保存该规则描述，但尚未实现多条件、排除码、年龄/性别等执行器。,全部疾病编码 T21.200x053 阴茎二度烧伤,
1701,SZ医保-1701-510f4b2be0,疾病编码性别冲突,当前基础规则模型可保存该规则描述，但尚未实现多条件、排除码、年龄/性别等执行器。,全部疾病编码 T21.200x055 阴囊二度烧伤,
1702,SZ医保-1702-b468388f2b,疾病编码性别冲突,当前基础规则模型可保存该规则描述，但尚未实现多条件、排除码、年龄/性别等执行器。,全部疾病编码 T21.200x056 睾丸二度烧伤,
1703,SZ医保-1703-6ab47907cb,疾病编码性别冲突,当前基础规则模型可保存该规则描述，但尚未实现多条件、排除码、年龄/性别等执行器。,全部疾病编码 T21.300x053 阴茎三度烧伤,
1704,SZ医保-1704-437b1786ba,疾病编码性别冲突,当前基础规则模型可保存该规则描述，但尚未实现多条件、排除码、年龄/性别等执行器。,全部疾病编码 T21.300x055 阴囊三度烧伤,
1705,SZ医保-1705-ed932c419b,疾病编码性别冲突,当前基础规则模型可保存该规则描述，但尚未实现多条件、排除码、年龄/性别等执行器。,全部疾病编码 T21.300x056 睾丸三度烧伤,
1706,SZ医保-1706-dcbbcb6219,疾病编码性别冲突,当前基础规则模型可保存该规则描述，但尚未实现多条件、排除码、年龄/性别等执行器。,全部疾病编码 T21.400x053 阴茎腐蚀伤,
1707,SZ医保-1707-81afa72d42,疾病编码性别冲突,当前基础规则模型可保存该规则描述，但尚未实现多条件、排除码、年龄/性别等执行器。,全部疾病编码 T21.400x055 阴囊腐蚀伤,
1708,SZ医保-1708-29ad932796,疾病编码性别冲突,当前基础规则模型可保存该规则描述，但尚未实现多条件、排除码、年龄/性别等执行器。,全部疾病编码 T21.400x056 睾丸腐蚀伤,
1709,SZ医保-1709-bad159aa09,疾病编码性别冲突,当前基础规则模型可保存该规则描述，但尚未实现多条件、排除码、年龄/性别等执行器。,全部疾病编码 T21.500x053 阴茎一度腐蚀伤,
1710,SZ医保-1710-b382f18fc8,疾病编码性别冲突,当前基础规则模型可保存该规则描述，但尚未实现多条件、排除码、年龄/性别等执行器。,全部疾病编码 T21.500x055 阴囊一度腐蚀伤,
1711,SZ医保-1711-a3479180d8,疾病编码性别冲突,当前基础规则模型可保存该规则描述，但尚未实现多条件、排除码、年龄/性别等执行器。,全部疾病编码 T21.500x056 睾丸一度腐蚀伤,
1712,SZ医保-1712-baaff5b881,疾病编码性别冲突,当前基础规则模型可保存该规则描述，但尚未实现多条件、排除码、年龄/性别等执行器。,全部疾病编码 T21.600x053 阴茎二度腐蚀伤,
1713,SZ医保-1713-35a6df7346,疾病编码性别冲突,当前基础规则模型可保存该规则描述，但尚未实现多条件、排除码、年龄/性别等执行器。,全部疾病编码 T21.600x055 阴囊二度腐蚀伤,
1714,SZ医保-1714-55596da8e9,疾病编码性别冲突,当前基础规则模型可保存该规则描述，但尚未实现多条件、排除码、年龄/性别等执行器。,全部疾病编码 T21.600x056 睾丸二度腐蚀伤,
1715,SZ医保-1715-18231d5d37,疾病编码性别冲突,当前基础规则模型可保存该规则描述，但尚未实现多条件、排除码、年龄/性别等执行器。,全部疾病编码 T21.700x053 阴茎三度腐蚀伤,
1716,SZ医保-1716-362f185832,疾病编码性别冲突,当前基础规则模型可保存该规则描述，但尚未实现多条件、排除码、年龄/性别等执行器。,全部疾病编码 T21.700x055 阴囊三度腐蚀伤,
1717,SZ医保-1717-9cda66bb96,疾病编码性别冲突,当前基础规则模型可保存该规则描述，但尚未实现多条件、排除码、年龄/性别等执行器。,全部疾病编码 T21.700x056 睾丸三度腐蚀伤,
1718,SZ医保-1718-3abd0a787e,疾病编码性别冲突,当前基础规则模型可保存该规则描述，但尚未实现多条件、排除码、年龄/性别等执行器。,全部疾病编码 T81.000x014 操作后前列腺出血,
1719,SZ医保-1719-c920c54a51,疾病编码性别冲突,当前基础规则模型可保存该规则描述，但尚未实现多条件、排除码、年龄/性别等执行器。,全部疾病编码 T81.021 手术后前列腺出血,
1720,SZ医保-1720-79d845b63b,疾病编码性别冲突,当前基础规则模型可保存该规则描述，但尚未实现多条件、排除码、年龄/性别等执行器。,全部疾病编码 T83.401 阴茎假体引起的并发症,
1721,SZ医保-1721-934b0ac506,疾病编码性别冲突,当前基础规则模型可保存该规则描述，但尚未实现多条件、排除码、年龄/性别等执行器。,全部疾病编码 T83.601 阴茎假体植入感染,
1722,SZ医保-1722-1f373c708c,疾病编码性别冲突,当前基础规则模型可保存该规则描述，但尚未实现多条件、排除码、年龄/性别等执行器。,全部疾病编码 Z03.103 可疑前列腺恶性肿瘤的观察,
1723,SZ医保-1723-b7b6dd00de,疾病编码性别冲突,当前基础规则模型可保存该规则描述，但尚未实现多条件、排除码、年龄/性别等执行器。,全部疾病编码 Z12.5 前列腺肿瘤的特殊筛查,
1724,SZ医保-1724-5f3e825433,疾病编码性别冲突,当前基础规则模型可保存该规则描述，但尚未实现多条件、排除码、年龄/性别等执行器。,全部疾病编码 Z30.203 输精管绝育,
1725,SZ医保-1725-b4de36298d,疾病编码性别冲突,当前基础规则模型可保存该规则描述，但尚未实现多条件、排除码、年龄/性别等执行器。,全部疾病编码 Z30.800x001 输精管切除术后精子计数,
1726,SZ医保-1726-a301683930,疾病编码性别冲突,当前基础规则模型可保存该规则描述，但尚未实现多条件、排除码、年龄/性别等执行器。,全部疾病编码 Z31.000x004 输精管结扎术后复通,
1727,SZ医保-1727-c6f40a471f,疾病编码性别冲突,当前基础规则模型可保存该规则描述，但尚未实现多条件、排除码、年龄/性别等执行器。,全部疾病编码 Z31.402 精子计数,
1728,SZ医保-1728-8100f1fc09,疾病编码性别冲突,当前基础规则模型可保存该规则描述，但尚未实现多条件、排除码、年龄/性别等执行器。,全部疾病编码 Z41.200 常规和宗教仪式的包皮环切术,
1729,SZ医保-1729-630b5a5fdf,疾病编码性别冲突,当前基础规则模型可保存该规则描述，但尚未实现多条件、排除码、年龄/性别等执行器。,全部疾病编码 Z47.800x022 阴茎再造术后随诊医疗,
1730,SZ医保-1730-e131cedfad,疾病编码性别冲突,当前基础规则模型可保存该规则描述，但尚未实现多条件、排除码、年龄/性别等执行器。,全部疾病编码 Z85.400x008 附睾恶性肿瘤史,
1731,SZ医保-1731-6bd46e9563,疾病编码性别冲突,当前基础规则模型可保存该规则描述，但尚未实现多条件、排除码、年龄/性别等执行器。,全部疾病编码 Z85.407 前列腺恶性肿瘤个人史,
1732,SZ医保-1732-6510830736,疾病编码性别冲突,当前基础规则模型可保存该规则描述，但尚未实现多条件、排除码、年龄/性别等执行器。,全部疾病编码 Z85.408 阴茎恶性肿瘤个人史,
1733,SZ医保-1733-8e6b26a6cb,疾病编码性别冲突,当前基础规则模型可保存该规则描述，但尚未实现多条件、排除码、年龄/性别等执行器。,全部疾病编码 Z85.409 睾丸恶性肿瘤个人史,
1734,SZ医保-1734-2c7b690420,疾病编码性别冲突,当前基础规则模型可保存该规则描述，但尚未实现多条件、排除码、年龄/性别等执行器。,全部疾病编码 Z90.700x002 后天性阴囊缺失,
1735,SZ医保-1735-7403ced678,疾病编码性别冲突,当前基础规则模型可保存该规则描述，但尚未实现多条件、排除码、年龄/性别等执行器。,全部疾病编码 Z90.700x003 后天性龟头缺失,
1736,SZ医保-1736-0bc4b77c53,疾病编码性别冲突,当前基础规则模型可保存该规则描述，但尚未实现多条件、排除码、年龄/性别等执行器。,全部疾病编码 Z90.700x005 后天性阴茎缺失,
1737,SZ医保-1737-a95f334a92,疾病编码性别冲突,当前基础规则模型可保存该规则描述，但尚未实现多条件、排除码、年龄/性别等执行器。,全部疾病编码 Z90.708 前列腺切除术后状态,
1738,SZ医保-1738-890d87c39f,疾病编码性别冲突,当前基础规则模型可保存该规则描述，但尚未实现多条件、排除码、年龄/性别等执行器。,全部疾病编码 Z90.709 睾丸切除术后状态,
1739,SZ医保-1739-b539fa647f,疾病编码性别冲突,当前基础规则模型可保存该规则描述，但尚未实现多条件、排除码、年龄/性别等执行器。,全部疾病编码 Z98.800x205 前列腺术后,
1740,SZ医保-1740-87ce240aef,疾病编码性别冲突,当前基础规则模型可保存该规则描述，但尚未实现多条件、排除码、年龄/性别等执行器。,全部疾病编码 Z98.800x208 阴茎术后,
1741,SZ医保-1741-de3fc710c2,疾病编码性别冲突,当前基础规则模型可保存该规则描述，但尚未实现多条件、排除码、年龄/性别等执行器。,全部疾病编码 Z98.800x209 睾丸术后,
1742,SZ医保-1742-bdf3e35e36,疾病合并编码,当前基础规则模型可保存该规则描述，但尚未实现多条件、排除码、年龄/性别等执行器。,全部疾病编码 A54.0,"全部疾病编码 N34.0,N75.1"
1743,SZ医保-1743-1e6e320d3c,疾病合并编码,当前基础规则模型可保存该规则描述，但尚未实现多条件、排除码、年龄/性别等执行器。,全部疾病编码 B15.9,全部疾病编码 R40.2
1744,SZ医保-1744-56e03d6b4f,疾病合并编码,当前基础规则模型可保存该规则描述，但尚未实现多条件、排除码、年龄/性别等执行器。,全部疾病编码 B16.1,全部疾病编码 R40.2
1745,SZ医保-1745-6b9655c619,疾病合并编码,当前基础规则模型可保存该规则描述，但尚未实现多条件、排除码、年龄/性别等执行器。,全部疾病编码 B16.9,全部疾病编码 R40.2
1746,SZ医保-1746-4688f70542,疾病合并编码,当前基础规则模型可保存该规则描述，但尚未实现多条件、排除码、年龄/性别等执行器。,全部疾病编码 B19.9,全部疾病编码 R40.2
1747,SZ医保-1747-81860cfab1,疾病合并编码,当前基础规则模型可保存该规则描述，但尚未实现多条件、排除码、年龄/性别等执行器。,全部疾病编码 H33.2,全部疾病编码 H33.3
1748,SZ医保-1748-3ae11aa97d,疾病合并编码,当前基础规则模型可保存该规则描述，但尚未实现多条件、排除码、年龄/性别等执行器。,全部疾病编码 I05.0,全部疾病编码 I05.1
1749,SZ医保-1749-3ab386d704,疾病合并编码,当前基础规则模型可保存该规则描述，但尚未实现多条件、排除码、年龄/性别等执行器。,全部疾病编码 I06.0,全部疾病编码 I06.1
1750,SZ医保-1750-9cb16b6169,疾病合并编码,当前基础规则模型可保存该规则描述，但尚未实现多条件、排除码、年龄/性别等执行器。,全部疾病编码 I07.0,全部疾病编码 I07.1
1751,SZ医保-1751-f0a2c2d3cc,疾病合并编码,当前基础规则模型可保存该规则描述，但尚未实现多条件、排除码、年龄/性别等执行器。,全部疾病编码 I13.0,全部疾病编码 I13.1
1752,SZ医保-1752-bcc19e4333,疾病合并编码,当前基础规则模型可保存该规则描述，但尚未实现多条件、排除码、年龄/性别等执行器。,全部疾病编码 I35.0,全部疾病编码 I35.1
1753,SZ医保-1753-b3c51db854,疾病合并编码,当前基础规则模型可保存该规则描述，但尚未实现多条件、排除码、年龄/性别等执行器。,全部疾病编码 I36.0,全部疾病编码 I36.1 非风湿性三尖(瓣)关闭不全
1754,SZ医保-1754-17424b3593,疾病合并编码,当前基础规则模型可保存该规则描述，但尚未实现多条件、排除码、年龄/性别等执行器。,全部疾病编码 I37.0,全部疾病编码 I37.1 肺动脉瓣关闭不全
1755,SZ医保-1755-24473566cc,疾病合并编码,当前基础规则模型可保存该规则描述，但尚未实现多条件、排除码、年龄/性别等执行器。,全部疾病编码 K80.5,全部疾病编码 K81
1756,SZ医保-1756-6ce7a29d59,疾病合并编码,当前基础规则模型可保存该规则描述，但尚未实现多条件、排除码、年龄/性别等执行器。,全部疾病编码 K80.5,全部疾病编码 K83.0
1757,SZ医保-1757-f12be88497,疾病合并编码,当前基础规则模型可保存该规则描述，但尚未实现多条件、排除码、年龄/性别等执行器。,全部疾病编码 K56.7 肠梗阻,全部疾病编码 K66.0 肠粘连
1758,SZ医保-1758-35a36be0d5,疾病合并编码,当前基础规则模型可保存该规则描述，但尚未实现多条件、排除码、年龄/性别等执行器。,全部疾病编码 I11,全部疾病编码 I12
1759,SZ医保-1759-bc0588e6cf,疾病合并编码,当前基础规则模型可保存该规则描述，但尚未实现多条件、排除码、年龄/性别等执行器。,全部疾病编码 Q35.1,全部疾病编码 Q35.3
1760,SZ医保-1760-05f80deea6,疾病合并编码,当前基础规则模型可保存该规则描述，但尚未实现多条件、排除码、年龄/性别等执行器。,全部疾病编码 E03.1,全部疾病编码 E04.0
1761,SZ医保-1761-81d25a1c8b,疾病合并编码,当前基础规则模型可保存该规则描述，但尚未实现多条件、排除码、年龄/性别等执行器。,全部疾病编码 E05.9 未特指的甲状腺毒症,全部疾病编码 E04.0 非毒性弥漫性甲状腺肿
1762,SZ医保-1762-8130bd10c4,疾病合并编码,当前基础规则模型可保存该规则描述，但尚未实现多条件、排除码、年龄/性别等执行器。,全部疾病编码 E50.9 未特指的维生素A缺乏病,全部疾病编码 H11.1 结膜变性和沉着物
1763,SZ医保-1763-eadef54351,疾病合并编码,当前基础规则模型可保存该规则描述，但尚未实现多条件、排除码、年龄/性别等执行器。,全部疾病编码 E50.9 未特指的维生素A缺乏病,全部疾病编码 H18.803 角膜干燥症
1764,SZ医保-1764-e3bd49f166,疾病合并编码,当前基础规则模型可保存该规则描述，但尚未实现多条件、排除码、年龄/性别等执行器。,全部疾病编码 E50.9 未特指的维生素A缺乏病,全部疾病编码 H18.4 角膜变性
1765,SZ医保-1765-08bc4b3660,疾病合并编码,当前基础规则模型可保存该规则描述，但尚未实现多条件、排除码、年龄/性别等执行器。,全部疾病编码 E50.9 未特指的维生素A缺乏病,全部疾病编码 H53.6 夜盲
1766,SZ医保-1766-62490178d2,疾病合并编码,当前基础规则模型可保存该规则描述，但尚未实现多条件、排除码、年龄/性别等执行器。,全部疾病编码 I11.901 高血压性心脏病,"全部疾病编码 I50.0,I50.1,I50.9 充血性心力衰竭"
1767,SZ医保-1767-3194981825,疾病合并编码,当前基础规则模型可保存该规则描述，但尚未实现多条件、排除码、年龄/性别等执行器。,全部疾病编码 I13.9 未特指的高血压心脏和肾脏病,全部疾病编码 I50 心力衰竭
1768,SZ医保-1768-524121505c,疾病合并编码,当前基础规则模型可保存该规则描述，但尚未实现多条件、排除码、年龄/性别等执行器。,全部疾病编码 I13.9 未特指的高血压心脏和肾脏病,"全部疾病编码 N18,N19 慢性肾病,未特指的肾衰竭"
1769,SZ医保-1769-b754e2d59a,疾病合并编码,当前基础规则模型可保存该规则描述，但尚未实现多条件、排除码、年龄/性别等执行器。,全部疾病编码 I13.9 未特指的高血压心脏和肾脏病,全部疾病编码 I50 心力衰竭
1770,SZ医保-1770-2138fa5d02,疾病合并编码,当前基础规则模型可保存该规则描述，但尚未实现多条件、排除码、年龄/性别等执行器。,全部疾病编码 I13.9 未特指的高血压心脏和肾脏病,全部疾病编码 I50 心力衰竭
1771,SZ医保-1771-16382f51a0,疾病合并编码,当前基础规则模型可保存该规则描述，但尚未实现多条件、排除码、年龄/性别等执行器。,全部疾病编码 I83.9 下肢静脉曲张不伴有溃疡或炎症,"全部疾病编码 L97 下肢溃疡,不可归类在他处者"
1772,SZ医保-1772-750e4b445f,疾病合并编码,当前基础规则模型可保存该规则描述，但尚未实现多条件、排除码、年龄/性别等执行器。,全部疾病编码 J35.1 扁桃体肥大,全部疾病编码 J35.2 腺样体肥大
1773,SZ医保-1773-ae2ba0bbe8,疾病合并编码,当前基础规则模型可保存该规则描述，但尚未实现多条件、排除码、年龄/性别等执行器。,全部疾病编码 J44.1 未特指的慢性阻塞性肺病伴有急性加重,全部疾病编码 J42 未特指的慢性支气管炎
1774,SZ医保-1774-993368d8e0,疾病合并编码,当前基础规则模型可保存该规则描述，但尚未实现多条件、排除码、年龄/性别等执行器。,全部疾病编码 J44.8 其他特指的慢性阻塞性肺病,"全部疾病编码 J12,J15,J16,J17,J18 病毒性肺炎,不可归类在他处者"
1775,SZ医保-1775-a69e8c9f57,疾病合并编码,当前基础规则模型可保存该规则描述，但尚未实现多条件、排除码、年龄/性别等执行器。,全部疾病编码 J44.9 未特指的慢性阻塞性肺病,全部疾病编码 J42 未特指的慢性支气管炎
1776,SZ医保-1776-2ab108d1dc,疾病合并编码,当前基础规则模型可保存该规则描述，但尚未实现多条件、排除码、年龄/性别等执行器。,全部疾病编码 J44.9 未特指的慢性阻塞性肺病,"全部疾病编码 J12,J15,J16,J17,J18 病毒性肺炎,不可归类在他处者"
1777,SZ医保-1777-e066c509ad,疾病合并编码,当前基础规则模型可保存该规则描述，但尚未实现多条件、排除码、年龄/性别等执行器。,全部疾病编码 J98.4 肺的其他疾患,全部疾病编码 J44.9 未特指的慢性阻塞性肺病
1778,SZ医保-1778-f22f9f64c9,疾病合并编码,当前基础规则模型可保存该规则描述，但尚未实现多条件、排除码、年龄/性别等执行器。,全部疾病编码 K50.0 小肠克罗恩病,全部疾病编码 K50.1 大肠克罗恩病
1779,SZ医保-1779-d7facdd77c,疾病合并编码,当前基础规则模型可保存该规则描述，但尚未实现多条件、排除码、年龄/性别等执行器。,全部疾病编码 M54.5 下背痛,全部疾病编码 M54.3 坐骨神经痛
1780,SZ医保-1780-3e2e143069,疾病合并编码,当前基础规则模型可保存该规则描述，但尚未实现多条件、排除码、年龄/性别等执行器。,全部疾病编码 M81.0 绝经后骨质疏松,"全部疾病编码 M84.4 病理性骨折,不可归类在他处者"
1781,SZ医保-1781-203fe46382,疾病合并编码,当前基础规则模型可保存该规则描述，但尚未实现多条件、排除码、年龄/性别等执行器。,全部疾病编码 M81.1 卵巢切除术后骨质疏松,"全部疾病编码 M84.4 病理性骨折,不可归类在他处者"
1782,SZ医保-1782-561890213b,疾病合并编码,当前基础规则模型可保存该规则描述，但尚未实现多条件、排除码、年龄/性别等执行器。,全部疾病编码 M81.2 失用性骨质疏松,"全部疾病编码 M84.4 病理性骨折,不可归类在他处者"
1783,SZ医保-1783-2575fd3564,疾病合并编码,当前基础规则模型可保存该规则描述，但尚未实现多条件、排除码、年龄/性别等执行器。,全部疾病编码 M81.3 手术后吸收不良性骨质疏松,"全部疾病编码 M84.4 病理性骨折,不可归类在他处者"
1784,SZ医保-1784-80d914deb0,疾病合并编码,当前基础规则模型可保存该规则描述，但尚未实现多条件、排除码、年龄/性别等执行器。,全部疾病编码 M81.4 药物性骨质疏松,"全部疾病编码 M84.4 病理性骨折,不可归类在他处者"
1785,SZ医保-1785-3d6d259d01,疾病合并编码,当前基础规则模型可保存该规则描述，但尚未实现多条件、排除码、年龄/性别等执行器。,全部疾病编码 M81.5 特发性骨质疏松,"全部疾病编码 M84.4 病理性骨折,不可归类在他处者"
1786,SZ医保-1786-0fa7ceae78,疾病合并编码,当前基础规则模型可保存该规则描述，但尚未实现多条件、排除码、年龄/性别等执行器。,全部疾病编码 M81.6 局限性骨质疏松[勒凯纳],"全部疾病编码 M84.4 病理性骨折,不可归类在他处者"
1787,SZ医保-1787-9022bc10d1,疾病合并编码,当前基础规则模型可保存该规则描述，但尚未实现多条件、排除码、年龄/性别等执行器。,全部疾病编码 M81.8 其他的骨质疏松,"全部疾病编码 M84.4 病理性骨折,不可归类在他处者"
1788,SZ医保-1788-ec0170b6cb,疾病合并编码,当前基础规则模型可保存该规则描述，但尚未实现多条件、排除码、年龄/性别等执行器。,全部疾病编码 M81.900 骨质疏松,"全部疾病编码 M84.4 病理性骨折,不可归类在他处者"
1789,SZ医保-1789-4345028c1e,疾病合并编码,当前基础规则模型可保存该规则描述，但尚未实现多条件、排除码、年龄/性别等执行器。,全部疾病编码 N20 肾和输尿管结石,全部疾病编码 N13.3 其他和未特指的肾盂积水
1790,SZ医保-1790-2599c95f04,疾病合并编码,当前基础规则模型可保存该规则描述，但尚未实现多条件、排除码、年龄/性别等执行器。,全部疾病编码 N20.0 肾结石,全部疾病编码 N20.1 输尿管结石
1791,SZ医保-1791-7cebd6391b,疾病合并编码,当前基础规则模型可保存该规则描述，但尚未实现多条件、排除码、年龄/性别等执行器。,全部疾病编码 N20.1 输尿管结石,全部疾病编码 N20.0 肾结石
1792,SZ医保-1792-bd1731136a,疾病合并编码,当前基础规则模型可保存该规则描述，但尚未实现多条件、排除码、年龄/性别等执行器。,全部疾病编码 O12.0 妊娠水肿,全部疾病编码 O12.1 妊娠蛋白尿
1793,SZ医保-1793-b29a785074,疾病合并编码,当前基础规则模型可保存该规则描述，但尚未实现多条件、排除码、年龄/性别等执行器。,全部疾病编码 O34.200x002 剖宫产史的妊娠,"全部疾病编码 O80,O84.0 单胎顺产,多胎分娩均为顺产"
1794,SZ医保-1794-ddbe9eb8c7,疾病合并编码,当前基础规则模型可保存该规则描述，但尚未实现多条件、排除码、年龄/性别等执行器。,全部疾病编码 O45.8 其他的胎盘早期剥离,全部疾病编码 D68.8 其他特指的凝血缺陷
1795,SZ医保-1795-3761f2ceb7,疾病合并编码,当前基础规则模型可保存该规则描述，但尚未实现多条件、排除码、年龄/性别等执行器。,全部疾病编码 O45.9 未特指的胎盘早期剥离,全部疾病编码 D68.9 未特指的凝血缺陷
1796,SZ医保-1796-f5b1d03893,疾病合并编码,当前基础规则模型可保存该规则描述，但尚未实现多条件、排除码、年龄/性别等执行器。,全部疾病编码 O46.9 未特指的产前出血,全部疾病编码 D68.8 其他特指的凝血缺陷
1797,SZ医保-1797-adca24ac3c,疾病合并编码,当前基础规则模型可保存该规则描述，但尚未实现多条件、排除码、年龄/性别等执行器。,全部疾病编码 O67.8 其他的产时出血,全部疾病编码 D68.8 其他特指的凝血缺陷
1798,SZ医保-1798-1d820c7c9e,疾病合并编码,当前基础规则模型可保存该规则描述，但尚未实现多条件、排除码、年龄/性别等执行器。,全部疾病编码 O67.9 未特指的产时出血,全部疾病编码 D68.9 未特指的凝血缺陷
1799,SZ医保-1799-6f710c9570,疾病合并编码,当前基础规则模型可保存该规则描述，但尚未实现多条件、排除码、年龄/性别等执行器。,全部疾病编码 O70 分娩时会阴裂伤,全部疾病编码 O71.4 产科高位阴道裂伤
1800,SZ医保-1800-720da3e8bb,疾病合并编码,当前基础规则模型可保存该规则描述，但尚未实现多条件、排除码、年龄/性别等执行器。,全部疾病编码 Q05.5 颈段脊柱裂不伴有脑积水,全部疾病编码 Q03 先天性脑积水
1801,SZ医保-1801-47960d4ab3,疾病合并编码,当前基础规则模型可保存该规则描述，但尚未实现多条件、排除码、年龄/性别等执行器。,全部疾病编码 Q05.6 胸段脊柱裂不伴有脑积水,全部疾病编码 Q03 先天性脑积水
1802,SZ医保-1802-9f4f76d27f,疾病合并编码,当前基础规则模型可保存该规则描述，但尚未实现多条件、排除码、年龄/性别等执行器。,全部疾病编码 Q05.7 腰段脊柱裂不伴有脑积水,全部疾病编码 Q03 先天性脑积水
1803,SZ医保-1803-cef25ea8ca,疾病合并编码,当前基础规则模型可保存该规则描述，但尚未实现多条件、排除码、年龄/性别等执行器。,全部疾病编码 Q05.8 骶段脊柱裂不伴有脑积水,全部疾病编码 Q03 先天性脑积水
1804,SZ医保-1804-c5d2bbc3b2,疾病合并编码,当前基础规则模型可保存该规则描述，但尚未实现多条件、排除码、年龄/性别等执行器。,全部疾病编码 Q05.9 未特指的脊柱裂,全部疾病编码 Q03 先天性脑积水
1805,SZ医保-1805-f3d8e1eecd,疾病合并编码,当前基础规则模型可保存该规则描述，但尚未实现多条件、排除码、年龄/性别等执行器。,全部疾病编码 Q35 腭裂,全部疾病编码 Q36 唇裂
1806,SZ医保-1806-7d9568d65d,疾病过度编码,当前基础规则模型可保存该规则描述，但尚未实现多条件、排除码、年龄/性别等执行器。,全部疾病编码 A18.808+I32.0* 结核性心包炎,全部疾病编码 I31.3 心包积液(非炎性)
1807,SZ医保-1807-64e922ad1e,疾病过度编码,当前基础规则模型可保存该规则描述，但尚未实现多条件、排除码、年龄/性别等执行器。,全部疾病编码 A18.809+I32.0* 结核性心包积液,全部疾病编码 I31.3 心包积液(非炎性)
1808,SZ医保-1808-2154ef69c6,疾病过度编码,当前基础规则模型可保存该规则描述，但尚未实现多条件、排除码、年龄/性别等执行器。,全部疾病编码 A39.501+I32.0* 脑膜炎球菌性心包炎,全部疾病编码 I31.3 心包积液(非炎性)
1809,SZ医保-1809-c455592b7c,疾病过度编码,当前基础规则模型可保存该规则描述，但尚未实现多条件、排除码、年龄/性别等执行器。,全部疾病编码 A52.008+I32.0* 梅毒性心包炎,全部疾病编码 I31.3 心包积液(非炎性)
1810,SZ医保-1810-7c4739eeae,疾病过度编码,当前基础规则模型可保存该规则描述，但尚未实现多条件、排除码、年龄/性别等执行器。,全部疾病编码 A54.805+I32.0* 淋球菌性心包炎,全部疾病编码 I31.3 心包积液(非炎性)
1811,SZ医保-1811-fb0050d561,疾病过度编码,当前基础规则模型可保存该规则描述，但尚未实现多条件、排除码、年龄/性别等执行器。,"全部疾病编码 B15.0 甲型肝炎,伴有肝昏迷","全部疾病编码 B15.9 甲型肝炎,不伴有肝昏迷"
1812,SZ医保-1812-4727b22a60,疾病过度编码,当前基础规则模型可保存该规则描述，但尚未实现多条件、排除码、年龄/性别等执行器。,"全部疾病编码 B16.0 急性乙型肝炎,伴有δ因子(共同感染),并伴有肝昏迷","全部疾病编码 B16.1 急性乙型肝炎,伴有δ因子(共同感染),但不伴有肝昏迷"
1813,SZ医保-1813-8efb7e6152,疾病过度编码,当前基础规则模型可保存该规则描述，但尚未实现多条件、排除码、年龄/性别等执行器。,"全部疾病编码 B16.0 急性乙型肝炎,伴有δ因子(共同感染),并伴有肝昏迷",全部疾病编码 K72.900x003+G94.3* 肝性脑病
1814,SZ医保-1814-292ab719ab,疾病过度编码,当前基础规则模型可保存该规则描述，但尚未实现多条件、排除码、年龄/性别等执行器。,"全部疾病编码 B16.2 急性乙型肝炎,不伴有δ因子(共同感染),但伴有肝昏迷","全部疾病编码 B16.9 急性乙型肝炎,不伴有δ因子(共同感染),也不伴有肝昏迷"
1815,SZ医保-1815-b81d1fd22a,疾病过度编码,当前基础规则模型可保存该规则描述，但尚未实现多条件、排除码、年龄/性别等执行器。,"全部疾病编码 B16.2 急性乙型肝炎,不伴有δ因子(共同感染),但伴有肝昏迷",全部疾病编码 K72.900x003+G94.3* 肝性脑病
1816,SZ医保-1816-11ed8409be,疾病过度编码,当前基础规则模型可保存该规则描述，但尚未实现多条件、排除码、年龄/性别等执行器。,"全部疾病编码 B19.0 未特指的病毒性肝炎,伴有肝昏迷","全部疾病编码 B19.9 未特指的病毒性肝炎,不伴有肝昏迷"
1817,SZ医保-1817-4e05371f37,疾病过度编码,当前基础规则模型可保存该规则描述，但尚未实现多条件、排除码、年龄/性别等执行器。,"全部疾病编码 B19.0 未特指的病毒性肝炎,伴有肝昏迷",全部疾病编码 K72.900x003+G94.3* 肝性脑病
1818,SZ医保-1818-fe5044b763,疾病过度编码,当前基础规则模型可保存该规则描述，但尚未实现多条件、排除码、年龄/性别等执行器。,全部疾病编码 B49.x15 真菌性心包炎,全部疾病编码 I31.3 心包积液(非炎性)
1819,SZ医保-1819-5ea36427ff,疾病过度编码,当前基础规则模型可保存该规则描述，但尚未实现多条件、排除码、年龄/性别等执行器。,全部疾病编码 B51.0 间日疟原虫疟疾伴有脾破裂,全部疾病编码 B51.9 间日疟原虫疟疾不伴有并发症
1820,SZ医保-1820-9e9e5c92c0,疾病过度编码,当前基础规则模型可保存该规则描述，但尚未实现多条件、排除码、年龄/性别等执行器。,全部疾病编码 B51.0 间日疟原虫疟疾伴有脾破裂,全部疾病编码 D73.501 非创伤性脾破裂
1821,SZ医保-1821-e125053a4e,疾病过度编码,当前基础规则模型可保存该规则描述，但尚未实现多条件、排除码、年龄/性别等执行器。,全部疾病编码 E03.1 先天性甲状腺功能减退症不伴有甲状腺肿,全部疾病编码 E04.0 非毒性弥漫性甲状腺肿
1822,SZ医保-1822-f2659b073d,疾病过度编码,当前基础规则模型可保存该规则描述，但尚未实现多条件、排除码、年龄/性别等执行器。,全部疾病编码 E04 其他非毒性甲状腺肿,全部疾病编码 E05 甲状腺毒症[甲状腺功能亢进症]
1823,SZ医保-1823-d7bf1265bf,疾病过度编码,当前基础规则模型可保存该规则描述，但尚未实现多条件、排除码、年龄/性别等执行器。,全部疾病编码 E10.0 1型糖尿病伴有昏迷,全部疾病编码 E10.900 1型糖尿病
1824,SZ医保-1824-d222bcb0e2,疾病过度编码,当前基础规则模型可保存该规则描述，但尚未实现多条件、排除码、年龄/性别等执行器。,全部疾病编码 E10.1 1型糖尿病伴有酮症酸中毒,全部疾病编码 E10.900 1型糖尿病
1825,SZ医保-1825-f63446ec9d,疾病过度编码,当前基础规则模型可保存该规则描述，但尚未实现多条件、排除码、年龄/性别等执行器。,全部疾病编码 E10.2 1型糖尿病伴有肾的并发症,全部疾病编码 E10.900 1型糖尿病
1826,SZ医保-1826-b3f6252e34,疾病过度编码,当前基础规则模型可保存该规则描述，但尚未实现多条件、排除码、年龄/性别等执行器。,全部疾病编码 E10.3 1型糖尿病伴有眼的并发症,全部疾病编码 E10.900 1型糖尿病
1827,SZ医保-1827-9c2bc4d792,疾病过度编码,当前基础规则模型可保存该规则描述，但尚未实现多条件、排除码、年龄/性别等执行器。,全部疾病编码 E10.4 1型糖尿病伴有神经的并发症,全部疾病编码 E10.900 1型糖尿病
1828,SZ医保-1828-3e35861d0c,疾病过度编码,当前基础规则模型可保存该规则描述，但尚未实现多条件、排除码、年龄/性别等执行器。,全部疾病编码 E10.5 1型糖尿病伴有周围循环并发症,全部疾病编码 E10.900 1型糖尿病
1829,SZ医保-1829-d59e0a5506,疾病过度编码,当前基础规则模型可保存该规则描述，但尚未实现多条件、排除码、年龄/性别等执行器。,全部疾病编码 E10.6 1型糖尿病伴有其他特指的并发症,全部疾病编码 E10.900 1型糖尿病
1830,SZ医保-1830-7c7d227a6d,疾病过度编码,当前基础规则模型可保存该规则描述，但尚未实现多条件、排除码、年龄/性别等执行器。,全部疾病编码 E10.7 1型糖尿病伴有多个并发症,全部疾病编码 E10.900 1型糖尿病
1831,SZ医保-1831-d817fabd0f,疾病过度编码,当前基础规则模型可保存该规则描述，但尚未实现多条件、排除码、年龄/性别等执行器。,全部疾病编码 E10.8 1型糖尿病伴有未特指的并发症,全部疾病编码 E10.900 1型糖尿病
1832,SZ医保-1832-0496c7435f,疾病过度编码,当前基础规则模型可保存该规则描述，但尚未实现多条件、排除码、年龄/性别等执行器。,全部疾病编码 E11.0 2型糖尿病伴有昏迷,全部疾病编码 E11.900 2型糖尿病
1833,SZ医保-1833-c7d1e6da31,疾病过度编码,当前基础规则模型可保存该规则描述，但尚未实现多条件、排除码、年龄/性别等执行器。,全部疾病编码 E11.1 2型糖尿病伴有酮症酸中毒,全部疾病编码 E11.900 2型糖尿病
1834,SZ医保-1834-66a495a60e,疾病过度编码,当前基础规则模型可保存该规则描述，但尚未实现多条件、排除码、年龄/性别等执行器。,全部疾病编码 E11.2 2型糖尿病伴有肾的并发症,全部疾病编码 E11.900 2型糖尿病
1835,SZ医保-1835-b6d2afff4b,疾病过度编码,当前基础规则模型可保存该规则描述，但尚未实现多条件、排除码、年龄/性别等执行器。,全部疾病编码 E11.3 2型糖尿病伴有眼的并发症,全部疾病编码 E11.900 2型糖尿病
1836,SZ医保-1836-f9f0e382b5,疾病过度编码,当前基础规则模型可保存该规则描述，但尚未实现多条件、排除码、年龄/性别等执行器。,全部疾病编码 E11.4 2型糖尿病伴有神经的并发症,全部疾病编码 E11.900 2型糖尿病
1837,SZ医保-1837-69a62cfdb7,疾病过度编码,当前基础规则模型可保存该规则描述，但尚未实现多条件、排除码、年龄/性别等执行器。,全部疾病编码 E11.5 2型糖尿病伴有周围循环并发症,全部疾病编码 E11.900 2型糖尿病
1838,SZ医保-1838-d68a73d49d,疾病过度编码,当前基础规则模型可保存该规则描述，但尚未实现多条件、排除码、年龄/性别等执行器。,全部疾病编码 E11.6 2型糖尿病伴有其他特指的并发症,全部疾病编码 E11.900 2型糖尿病
1839,SZ医保-1839-686039fcd3,疾病过度编码,当前基础规则模型可保存该规则描述，但尚未实现多条件、排除码、年龄/性别等执行器。,全部疾病编码 E11.7 2型糖尿病伴有多个并发症,全部疾病编码 E11.900 2型糖尿病
1840,SZ医保-1840-c2a7cda8ce,疾病过度编码,当前基础规则模型可保存该规则描述，但尚未实现多条件、排除码、年龄/性别等执行器。,全部疾病编码 E11.8 2型糖尿病伴有未特指的并发症,全部疾病编码 E11.900 2型糖尿病
1841,SZ医保-1841-cce418e049,疾病过度编码,当前基础规则模型可保存该规则描述，但尚未实现多条件、排除码、年龄/性别等执行器。,全部疾病编码 E12.0 营养不良相关性糖尿病伴有昏迷,全部疾病编码 E12.900 营养不良相关性糖尿病不伴有并发症
1842,SZ医保-1842-477d89fe10,疾病过度编码,当前基础规则模型可保存该规则描述，但尚未实现多条件、排除码、年龄/性别等执行器。,全部疾病编码 E12.1 营养不良相关性糖尿病伴有酮症酸中毒,全部疾病编码 E12.900 营养不良相关性糖尿病不伴有并发症
1843,SZ医保-1843-5b32bf8f09,疾病过度编码,当前基础规则模型可保存该规则描述，但尚未实现多条件、排除码、年龄/性别等执行器。,全部疾病编码 E12.2 营养不良相关性糖尿病伴有肾的并发症,全部疾病编码 E12.900 营养不良相关性糖尿病不伴有并发症
1844,SZ医保-1844-40bd2fcb7e,疾病过度编码,当前基础规则模型可保存该规则描述，但尚未实现多条件、排除码、年龄/性别等执行器。,全部疾病编码 E12.3 营养不良相关性糖尿病伴有眼的并发症,全部疾病编码 E12.900 营养不良相关性糖尿病不伴有并发症
1845,SZ医保-1845-8943971133,疾病过度编码,当前基础规则模型可保存该规则描述，但尚未实现多条件、排除码、年龄/性别等执行器。,全部疾病编码 E12.4 营养不良相关性糖尿病伴有神经的并发症,全部疾病编码 E12.900 营养不良相关性糖尿病不伴有并发症
1846,SZ医保-1846-b7ba158a74,疾病过度编码,当前基础规则模型可保存该规则描述，但尚未实现多条件、排除码、年龄/性别等执行器。,全部疾病编码 E12.5 营养不良相关性糖尿病伴有周围循环并发症,全部疾病编码 E12.900 营养不良相关性糖尿病不伴有并发症
1847,SZ医保-1847-e575fe79a0,疾病过度编码,当前基础规则模型可保存该规则描述，但尚未实现多条件、排除码、年龄/性别等执行器。,全部疾病编码 E12.6 营养不良相关性糖尿病伴有其他特指的并发症,全部疾病编码 E12.900 营养不良相关性糖尿病不伴有并发症
1848,SZ医保-1848-b44bd12f09,疾病过度编码,当前基础规则模型可保存该规则描述，但尚未实现多条件、排除码、年龄/性别等执行器。,全部疾病编码 E12.7 营养不良相关性糖尿病伴有多个并发症,全部疾病编码 E12.900 营养不良相关性糖尿病不伴有并发症
1849,SZ医保-1849-8b37ca9da2,疾病过度编码,当前基础规则模型可保存该规则描述，但尚未实现多条件、排除码、年龄/性别等执行器。,全部疾病编码 E12.8 营养不良相关性糖尿病伴有未特指的并发症,全部疾病编码 E12.900 营养不良相关性糖尿病不伴有并发症
1850,SZ医保-1850-8a12706a86,疾病过度编码,当前基础规则模型可保存该规则描述，但尚未实现多条件、排除码、年龄/性别等执行器。,全部疾病编码 E13.0 其他特指的糖尿病伴有昏迷,"全部疾病编码 E13.900 糖尿病不伴有并发症,其他特指的"
1851,SZ医保-1851-2164516b9e,疾病过度编码,当前基础规则模型可保存该规则描述，但尚未实现多条件、排除码、年龄/性别等执行器。,全部疾病编码 E13.1 其他特指的糖尿病伴有酮症酸中毒,"全部疾病编码 E13.900 糖尿病不伴有并发症,其他特指的"
1852,SZ医保-1852-583dc210f4,疾病过度编码,当前基础规则模型可保存该规则描述，但尚未实现多条件、排除码、年龄/性别等执行器。,全部疾病编码 E13.2 其他特指的糖尿病伴有肾的并发症,"全部疾病编码 E13.900 糖尿病不伴有并发症,其他特指的"
1853,SZ医保-1853-afa97537f1,疾病过度编码,当前基础规则模型可保存该规则描述，但尚未实现多条件、排除码、年龄/性别等执行器。,全部疾病编码 E13.3 其他特指的糖尿病伴有眼的并发症,"全部疾病编码 E13.900 糖尿病不伴有并发症,其他特指的"
1854,SZ医保-1854-dce60680de,疾病过度编码,当前基础规则模型可保存该规则描述，但尚未实现多条件、排除码、年龄/性别等执行器。,全部疾病编码 E13.4 其他特指的糖尿病伴有神经的并发症,"全部疾病编码 E13.900 糖尿病不伴有并发症,其他特指的"
1855,SZ医保-1855-5f797976bb,疾病过度编码,当前基础规则模型可保存该规则描述，但尚未实现多条件、排除码、年龄/性别等执行器。,全部疾病编码 E13.5 其他特指的糖尿病伴有周围循环并发症,"全部疾病编码 E13.900 糖尿病不伴有并发症,其他特指的"
1856,SZ医保-1856-84f0c2cb1d,疾病过度编码,当前基础规则模型可保存该规则描述，但尚未实现多条件、排除码、年龄/性别等执行器。,全部疾病编码 E13.6 其他特指的糖尿病伴有其他特指的并发症,"全部疾病编码 E13.900 糖尿病不伴有并发症,其他特指的"
1857,SZ医保-1857-528584972e,疾病过度编码,当前基础规则模型可保存该规则描述，但尚未实现多条件、排除码、年龄/性别等执行器。,全部疾病编码 E13.7 其他特指的糖尿病伴有多个并发症,"全部疾病编码 E13.900 糖尿病不伴有并发症,其他特指的"
1858,SZ医保-1858-f297b52dab,疾病过度编码,当前基础规则模型可保存该规则描述，但尚未实现多条件、排除码、年龄/性别等执行器。,全部疾病编码 E13.8 其他特指的糖尿病伴有未特指的并发症,"全部疾病编码 E13.900 糖尿病不伴有并发症,其他特指的"
1859,SZ医保-1859-f7b9231de2,疾病过度编码,当前基础规则模型可保存该规则描述，但尚未实现多条件、排除码、年龄/性别等执行器。,全部疾病编码 E14.0 糖尿病伴有昏迷,全部疾病编码 E14.900 糖尿病不伴有并发症
1860,SZ医保-1860-948783ad30,疾病过度编码,当前基础规则模型可保存该规则描述，但尚未实现多条件、排除码、年龄/性别等执行器。,全部疾病编码 E14.1 糖尿病伴有酮症酸中毒,全部疾病编码 E14.900 糖尿病不伴有并发症
1861,SZ医保-1861-a516a5efff,疾病过度编码,当前基础规则模型可保存该规则描述，但尚未实现多条件、排除码、年龄/性别等执行器。,全部疾病编码 E14.2 糖尿病伴有肾的并发症,全部疾病编码 E14.900 糖尿病不伴有并发症
1862,SZ医保-1862-97556a4ccc,疾病过度编码,当前基础规则模型可保存该规则描述，但尚未实现多条件、排除码、年龄/性别等执行器。,全部疾病编码 E14.3 糖尿病伴有眼的并发症,全部疾病编码 E14.900 糖尿病不伴有并发症
1863,SZ医保-1863-fcf12868dd,疾病过度编码,当前基础规则模型可保存该规则描述，但尚未实现多条件、排除码、年龄/性别等执行器。,全部疾病编码 E14.4 糖尿病伴有神经的并发症,全部疾病编码 E14.900 糖尿病不伴有并发症
1864,SZ医保-1864-0cf38166f8,疾病过度编码,当前基础规则模型可保存该规则描述，但尚未实现多条件、排除码、年龄/性别等执行器。,全部疾病编码 E14.5 糖尿病伴有周围循环并发症,全部疾病编码 E14.900 糖尿病不伴有并发症
1865,SZ医保-1865-81557d0e63,疾病过度编码,当前基础规则模型可保存该规则描述，但尚未实现多条件、排除码、年龄/性别等执行器。,全部疾病编码 E14.6 糖尿病伴有其他特指的并发症,全部疾病编码 E14.900 糖尿病不伴有并发症
1866,SZ医保-1866-a58f2fa0e8,疾病过度编码,当前基础规则模型可保存该规则描述，但尚未实现多条件、排除码、年龄/性别等执行器。,全部疾病编码 E14.7 糖尿病伴有多个并发症,全部疾病编码 E14.900 糖尿病不伴有并发症
1867,SZ医保-1867-b5a60e020c,疾病过度编码,当前基础规则模型可保存该规则描述，但尚未实现多条件、排除码、年龄/性别等执行器。,全部疾病编码 E14.8 糖尿病伴有未特指的并发症,全部疾病编码 E14.900 糖尿病不伴有并发症
1868,SZ医保-1868-ba18a8c7ac,疾病过度编码,当前基础规则模型可保存该规则描述，但尚未实现多条件、排除码、年龄/性别等执行器。,全部疾病编码 I01.000 急性风湿性心包炎,全部疾病编码 I31.3 心包积液(非炎性)
1869,SZ医保-1869-0871df9f1d,疾病过度编码,当前基础规则模型可保存该规则描述，但尚未实现多条件、排除码、年龄/性别等执行器。,全部疾病编码 I05 风湿性二尖瓣疾病,全部疾病编码 I34 非风湿性二尖瓣疾患
1870,SZ医保-1870-8ef8a5770e,疾病过度编码,当前基础规则模型可保存该规则描述，但尚未实现多条件、排除码、年龄/性别等执行器。,全部疾病编码 I06 风湿性主动脉瓣疾病,全部疾病编码 I35 非风湿性主动脉瓣疾患
1871,SZ医保-1871-2b4d58ea85,疾病过度编码,当前基础规则模型可保存该规则描述，但尚未实现多条件、排除码、年龄/性别等执行器。,全部疾病编码 I07 风湿性三尖瓣疾病,全部疾病编码 I36 非风湿性三尖瓣疾患
1872,SZ医保-1872-e5d22e2185,疾病过度编码,当前基础规则模型可保存该规则描述，但尚未实现多条件、排除码、年龄/性别等执行器。,全部疾病编码 I09.2 慢性风湿性心包炎,全部疾病编码 I31.3 心包积液(非炎性)
1873,SZ医保-1873-2b58864532,疾病过度编码,当前基础规则模型可保存该规则描述，但尚未实现多条件、排除码、年龄/性别等执行器。,全部疾病编码 I30 急性心包炎,全部疾病编码 I31.3 心包积液(非炎性)
1874,SZ医保-1874-26bcfa2695,疾病过度编码,当前基础规则模型可保存该规则描述，但尚未实现多条件、排除码、年龄/性别等执行器。,全部疾病编码 I31.0 慢性粘连性心包炎,全部疾病编码 I31.3 心包积液(非炎性)
1875,SZ医保-1875-c5ef6f0a81,疾病过度编码,当前基础规则模型可保存该规则描述，但尚未实现多条件、排除码、年龄/性别等执行器。,全部疾病编码 I31.1 慢性缩窄性心包炎,全部疾病编码 I31.3 心包积液(非炎性)
1876,SZ医保-1876-55e129ddb5,疾病过度编码,当前基础规则模型可保存该规则描述，但尚未实现多条件、排除码、年龄/性别等执行器。,全部疾病编码 I31.902 心包炎,全部疾病编码 I31.3 心包积液(非炎性)
1877,SZ医保-1877-a58e8da4f8,疾病过度编码,当前基础规则模型可保存该规则描述，但尚未实现多条件、排除码、年龄/性别等执行器。,全部疾病编码 I31.903 非特异性心包炎,全部疾病编码 I31.3 心包积液(非炎性)
1878,SZ医保-1878-b28a663574,疾病过度编码,当前基础规则模型可保存该规则描述，但尚未实现多条件、排除码、年龄/性别等执行器。,全部疾病编码 I31.904 慢性心包炎,全部疾病编码 I31.3 心包积液(非炎性)
1879,SZ医保-1879-99dacbd6fd,疾病过度编码,当前基础规则模型可保存该规则描述，但尚未实现多条件、排除码、年龄/性别等执行器。,全部疾病编码 I44 房室传导阻滞和左束支传导阻滞,全部疾病编码 I49.9 未特指的心律失常
1880,SZ医保-1880-916cc13d5f,疾病过度编码,当前基础规则模型可保存该规则描述，但尚未实现多条件、排除码、年龄/性别等执行器。,全部疾病编码 I45 其他传导疾患,全部疾病编码 I49.9 未特指的心律失常
1881,SZ医保-1881-55fe73c539,疾病过度编码,当前基础规则模型可保存该规则描述，但尚未实现多条件、排除码、年龄/性别等执行器。,全部疾病编码 I47 阵发性心动过速,全部疾病编码 I49.9 未特指的心律失常
1882,SZ医保-1882-72d1f7bfc9,疾病过度编码,当前基础规则模型可保存该规则描述，但尚未实现多条件、排除码、年龄/性别等执行器。,全部疾病编码 I48 心房纤颤和扑动,全部疾病编码 I49.9 未特指的心律失常
1883,SZ医保-1883-c2ef03da87,疾病过度编码,当前基础规则模型可保存该规则描述，但尚未实现多条件、排除码、年龄/性别等执行器。,全部疾病编码 I49.0 心室纤颤和扑动,全部疾病编码 I49.9 未特指的心律失常
1884,SZ医保-1884-b9564c66c2,疾病过度编码,当前基础规则模型可保存该规则描述，但尚未实现多条件、排除码、年龄/性别等执行器。,全部疾病编码 I49.1 心房过早除极,全部疾病编码 I49.9 未特指的心律失常
1885,SZ医保-1885-67d4d4fe5d,疾病过度编码,当前基础规则模型可保存该规则描述，但尚未实现多条件、排除码、年龄/性别等执行器。,全部疾病编码 I49.2 交界性过早除极,全部疾病编码 I49.9 未特指的心律失常
1886,SZ医保-1886-b392305597,疾病过度编码,当前基础规则模型可保存该规则描述，但尚未实现多条件、排除码、年龄/性别等执行器。,全部疾病编码 I49.3 心室过早除极,全部疾病编码 I49.9 未特指的心律失常
1887,SZ医保-1887-ea6fb73ea2,疾病过度编码,当前基础规则模型可保存该规则描述，但尚未实现多条件、排除码、年龄/性别等执行器。,全部疾病编码 I49.4 其他和未特指的过早除极,全部疾病编码 I49.9 未特指的心律失常
1888,SZ医保-1888-cd22e280ca,疾病过度编码,当前基础规则模型可保存该规则描述，但尚未实现多条件、排除码、年龄/性别等执行器。,全部疾病编码 I49.5 病态窦性综合征,全部疾病编码 I49.9 未特指的心律失常
1889,SZ医保-1889-5d583aa0a3,疾病过度编码,当前基础规则模型可保存该规则描述，但尚未实现多条件、排除码、年龄/性别等执行器。,全部疾病编码 I49.8 其他特指的心律失常,全部疾病编码 I49.9 未特指的心律失常
1890,SZ医保-1890-9a4ab5540e,疾病过度编码,当前基础规则模型可保存该规则描述，但尚未实现多条件、排除码、年龄/性别等执行器。,全部疾病编码 J09,全部疾病编码 J85.1 肺脓肿伴有肺炎
1891,SZ医保-1891-abf1df77ab,疾病过度编码,当前基础规则模型可保存该规则描述，但尚未实现多条件、排除码、年龄/性别等执行器。,全部疾病编码 J10,全部疾病编码 J85.1 肺脓肿伴有肺炎
1892,SZ医保-1892-1434a379b2,疾病过度编码,当前基础规则模型可保存该规则描述，但尚未实现多条件、排除码、年龄/性别等执行器。,全部疾病编码 J11,全部疾病编码 J85.1 肺脓肿伴有肺炎
1893,SZ医保-1893-08609bc367,疾病过度编码,当前基础规则模型可保存该规则描述，但尚未实现多条件、排除码、年龄/性别等执行器。,"全部疾病编码 J12 病毒性肺炎,不可归类在他处者",全部疾病编码 J85.1 肺脓肿伴有肺炎
1894,SZ医保-1894-a44986bfa6,疾病过度编码,当前基础规则模型可保存该规则描述，但尚未实现多条件、排除码、年龄/性别等执行器。,全部疾病编码 J13 链球菌性肺炎,全部疾病编码 J85.1 肺脓肿伴有肺炎
1895,SZ医保-1895-1ecdf6cdb6,疾病过度编码,当前基础规则模型可保存该规则描述，但尚未实现多条件、排除码、年龄/性别等执行器。,全部疾病编码 J14 流感嗜血杆菌性肺炎,全部疾病编码 J85.1 肺脓肿伴有肺炎
1896,SZ医保-1896-6131a14197,疾病过度编码,当前基础规则模型可保存该规则描述，但尚未实现多条件、排除码、年龄/性别等执行器。,"全部疾病编码 J15 细菌性肺炎,不可归类在他处者",全部疾病编码 J85.1 肺脓肿伴有肺炎
1897,SZ医保-1897-090e54a568,疾病过度编码,当前基础规则模型可保存该规则描述，但尚未实现多条件、排除码、年龄/性别等执行器。,"全部疾病编码 J16 其他传染性病原体引起的肺炎,不可归类在他处者",全部疾病编码 J85.1 肺脓肿伴有肺炎
1898,SZ医保-1898-0c81b88a32,疾病过度编码,当前基础规则模型可保存该规则描述，但尚未实现多条件、排除码、年龄/性别等执行器。,"全部疾病编码 J18 肺炎,病原体未特指",全部疾病编码 J85.1 肺脓肿伴有肺炎
1899,SZ医保-1899-bed521b3f3,疾病过度编码,当前基础规则模型可保存该规则描述，但尚未实现多条件、排除码、年龄/性别等执行器。,全部疾病编码 J20.0 肺炎支原体急性支气管炎,全部疾病编码 J85.1 肺脓肿伴有肺炎
1900,SZ医保-1900-e07c2a7354,疾病过度编码,当前基础规则模型可保存该规则描述，但尚未实现多条件、排除码、年龄/性别等执行器。,全部疾病编码 J67 有机粉尘引起的过敏性肺炎,全部疾病编码 J85.1 肺脓肿伴有肺炎
1901,SZ医保-1901-9223a2dc40,疾病过度编码,当前基础规则模型可保存该规则描述，但尚未实现多条件、排除码、年龄/性别等执行器。,全部疾病编码 J68.0 化学制剂、气体、烟雾和蒸气引起的支气管炎和肺炎,全部疾病编码 J85.1 肺脓肿伴有肺炎
1902,SZ医保-1902-5dc243001d,疾病过度编码,当前基础规则模型可保存该规则描述，但尚未实现多条件、排除码、年龄/性别等执行器。,全部疾病编码 J69.0 食物和呕吐物引起的肺炎,全部疾病编码 J85.1 肺脓肿伴有肺炎
1903,SZ医保-1903-cc20722968,疾病过度编码,当前基础规则模型可保存该规则描述，但尚未实现多条件、排除码、年龄/性别等执行器。,全部疾病编码 J69.1 油和植物精质引起的肺炎,全部疾病编码 J85.1 肺脓肿伴有肺炎
1904,SZ医保-1904-5bd19959aa,疾病过度编码,当前基础规则模型可保存该规则描述，但尚未实现多条件、排除码、年龄/性别等执行器。,全部疾病编码 J69.8 其他固体和液体引起的肺炎,全部疾病编码 J85.1 肺脓肿伴有肺炎
1905,SZ医保-1905-d3cbe0a689,疾病过度编码,当前基础规则模型可保存该规则描述，但尚未实现多条件、排除码、年龄/性别等执行器。,全部疾病编码 J85.2 肺脓肿不伴有肺炎,全部疾病编码 J85.100 肺脓肿伴有肺炎
1906,SZ医保-1906-798faea13e,疾病过度编码,当前基础规则模型可保存该规则描述，但尚未实现多条件、排除码、年龄/性别等执行器。,"全部疾病编码 K25.4 胃溃疡:慢性或未特指的,伴有出血",全部疾病编码 K92.2 未特指的胃肠出血
1907,SZ医保-1907-169ff4fc94,疾病过度编码,当前基础规则模型可保存该规则描述，但尚未实现多条件、排除码、年龄/性别等执行器。,"全部疾病编码 K25.4 胃溃疡:慢性或未特指的,伴有出血",全部疾病编码 K31.814 胃穿孔
1908,SZ医保-1908-1033b2ceaf,疾病过度编码,当前基础规则模型可保存该规则描述，但尚未实现多条件、排除码、年龄/性别等执行器。,"全部疾病编码 K25.4 胃溃疡:慢性或未特指的,伴有出血",全部疾病编码 K27.503 上消化道穿孔
1909,SZ医保-1909-af2af35bc9,疾病过度编码,当前基础规则模型可保存该规则描述，但尚未实现多条件、排除码、年龄/性别等执行器。,"全部疾病编码 K26.0 十二指肠溃疡:急性,伴有出血",全部疾病编码 K92.203 十二指肠出血
1910,SZ医保-1910-10bbf7f66c,疾病过度编码,当前基础规则模型可保存该规则描述，但尚未实现多条件、排除码、年龄/性别等执行器。,"全部疾病编码 K26.1 十二指肠溃疡:急性,伴有穿孔",全部疾病编码 K31.800x806 十二指肠穿孔
1911,SZ医保-1911-7dababcf17,疾病过度编码,当前基础规则模型可保存该规则描述，但尚未实现多条件、排除码、年龄/性别等执行器。,"全部疾病编码 K27.0 部位未特指的消化性溃疡:急性,伴有出血",全部疾病编码 K27.300 急性消化性溃疡不伴有出血和穿孔
1912,SZ医保-1912-2521c82af5,疾病过度编码,当前基础规则模型可保存该规则描述，但尚未实现多条件、排除码、年龄/性别等执行器。,"全部疾病编码 K27.0 部位未特指的消化性溃疡:急性,伴有出血","全部疾病编码 K27.9 部位未特指的消化性溃疡:未特指为急性或慢性,不伴有出血或穿孔"
1913,SZ医保-1913-c397b92d2b,疾病过度编码,当前基础规则模型可保存该规则描述，但尚未实现多条件、排除码、年龄/性别等执行器。,"全部疾病编码 K27.0 部位未特指的消化性溃疡:急性,伴有出血",全部疾病编码 K92.2 未特指的胃肠出血
1914,SZ医保-1914-45e7b9cf71,疾病过度编码,当前基础规则模型可保存该规则描述，但尚未实现多条件、排除码、年龄/性别等执行器。,"全部疾病编码 K27.1 部位未特指的消化性溃疡:急性,伴有穿孔","全部疾病编码 K27.3 部位未特指的消化性溃疡:急性,不伴有出血或穿孔"
1915,SZ医保-1915-1d4c5df790,疾病过度编码,当前基础规则模型可保存该规则描述，但尚未实现多条件、排除码、年龄/性别等执行器。,"全部疾病编码 K27.1 部位未特指的消化性溃疡:急性,伴有穿孔","全部疾病编码 K27.9 部位未特指的消化性溃疡:未特指为急性或慢性,不伴有出血或穿孔"
1916,SZ医保-1916-42fbd86d44,疾病过度编码,当前基础规则模型可保存该规则描述，但尚未实现多条件、排除码、年龄/性别等执行器。,"全部疾病编码 K27.1 部位未特指的消化性溃疡:急性,伴有穿孔",全部疾病编码 K31.814 胃穿孔
1917,SZ医保-1917-7aa2a60a28,疾病过度编码,当前基础规则模型可保存该规则描述，但尚未实现多条件、排除码、年龄/性别等执行器。,"全部疾病编码 K27.1 部位未特指的消化性溃疡:急性,伴有穿孔",全部疾病编码 K27.503 上消化道穿孔
1918,SZ医保-1918-cc4aad098b,疾病过度编码,当前基础规则模型可保存该规则描述，但尚未实现多条件、排除码、年龄/性别等执行器。,"全部疾病编码 K27.1 部位未特指的消化性溃疡:急性,伴有穿孔",全部疾病编码 K31.800x806 十二指肠穿孔
1919,SZ医保-1919-2390973487,疾病过度编码,当前基础规则模型可保存该规则描述，但尚未实现多条件、排除码、年龄/性别等执行器。,"全部疾病编码 K28.5 胃空肠溃疡:慢性或未特指的,伴有穿孔",全部疾病编码 K28.700 慢性胃空肠溃疡不伴有出血或穿孔
1920,SZ医保-1920-762a5ae450,疾病过度编码,当前基础规则模型可保存该规则描述，但尚未实现多条件、排除码、年龄/性别等执行器。,"全部疾病编码 K28.5 胃空肠溃疡:慢性或未特指的,伴有穿孔","全部疾病编码 K28.9 胃空肠溃疡:慢性或未特指的,不伴有出血或穿孔"
1921,SZ医保-1921-4f75447eff,疾病过度编码,当前基础规则模型可保存该规则描述，但尚未实现多条件、排除码、年龄/性别等执行器。,"全部疾病编码 K28.5 胃空肠溃疡:慢性或未特指的,伴有穿孔",全部疾病编码 K63.101 空肠穿孔
1922,SZ医保-1922-7367558253,疾病过度编码,当前基础规则模型可保存该规则描述，但尚未实现多条件、排除码、年龄/性别等执行器。,"全部疾病编码 K28.5 胃空肠溃疡:慢性或未特指的,伴有穿孔",全部疾病编码 K31.814 胃穿孔
1923,SZ医保-1923-774d4afa5d,疾病过度编码,当前基础规则模型可保存该规则描述，但尚未实现多条件、排除码、年龄/性别等执行器。,"全部疾病编码 K28.5 胃空肠溃疡:慢性或未特指的,伴有穿孔",全部疾病编码 K27.503 上消化道穿孔
1924,SZ医保-1924-9cd3b77bc3,疾病过度编码,当前基础规则模型可保存该规则描述，但尚未实现多条件、排除码、年龄/性别等执行器。,全部疾病编码 K80.0 胆囊结石伴有急性胆囊炎,全部疾病编码 K80.2 胆囊结石不伴有胆囊炎
1925,SZ医保-1925-af55bd4594,疾病过度编码,当前基础规则模型可保存该规则描述，但尚未实现多条件、排除码、年龄/性别等执行器。,全部疾病编码 K80.0 胆囊结石伴有急性胆囊炎,全部疾病编码 K81 胆囊炎
1926,SZ医保-1926-6466181419,疾病过度编码,当前基础规则模型可保存该规则描述，但尚未实现多条件、排除码、年龄/性别等执行器。,全部疾病编码 K80.1 胆囊结石伴有其他胆囊炎,全部疾病编码 K80.2 胆囊结石不伴有胆囊炎
1927,SZ医保-1927-f2a049b0ab,疾病过度编码,当前基础规则模型可保存该规则描述，但尚未实现多条件、排除码、年龄/性别等执行器。,全部疾病编码 K80.1 胆囊结石伴有其他胆囊炎,全部疾病编码 K81 胆囊炎
1928,SZ医保-1928-96cca0060a,疾病过度编码,当前基础规则模型可保存该规则描述，但尚未实现多条件、排除码、年龄/性别等执行器。,全部疾病编码 K80.3 胆管结石伴有胆管炎,全部疾病编码 K80.5 胆管结石不伴有胆管炎或胆囊炎
1929,SZ医保-1929-8131ed52b6,疾病过度编码,当前基础规则模型可保存该规则描述，但尚未实现多条件、排除码、年龄/性别等执行器。,全部疾病编码 K80.4 胆管结石伴有胆囊炎,全部疾病编码 K80.5 胆管结石不伴有胆管炎或胆囊炎
1930,SZ医保-1930-c52c831b95,疾病过度编码,当前基础规则模型可保存该规则描述，但尚未实现多条件、排除码、年龄/性别等执行器。,全部疾病编码 K80.4 胆管结石伴有胆囊炎,全部疾病编码 K81 胆囊炎
1931,SZ医保-1931-cb6a7fd357,疾病过度编码,当前基础规则模型可保存该规则描述，但尚未实现多条件、排除码、年龄/性别等执行器。,全部疾病编码 N81.1 膀胱膨出,全部疾病编码 N81.2 子宫阴道不完全性脱垂
1932,SZ医保-1932-2bad6554df,疾病过度编码,当前基础规则模型可保存该规则描述，但尚未实现多条件、排除码、年龄/性别等执行器。,全部疾病编码 N81.1 膀胱膨出,全部疾病编码 N81.3 完全性子宫阴道脱垂
1933,SZ医保-1933-c6b4f11d8e,疾病过度编码,当前基础规则模型可保存该规则描述，但尚未实现多条件、排除码、年龄/性别等执行器。,全部疾病编码 N81.1 膀胱膨出,全部疾病编码 N81.4 未特指的子宫阴道脱垂
1934,SZ医保-1934-1515d1328e,疾病过度编码,当前基础规则模型可保存该规则描述，但尚未实现多条件、排除码、年龄/性别等执行器。,全部疾病编码 O00 异位妊娠,全部疾病编码 Z37 分娩的结局
1935,SZ医保-1935-e477a9761a,疾病过度编码,当前基础规则模型可保存该规则描述，但尚未实现多条件、排除码、年龄/性别等执行器。,全部疾病编码 O01 葡萄胎[水泡状胎块],全部疾病编码 Z37 分娩的结局
1936,SZ医保-1936-af6b2f9b64,疾病过度编码,当前基础规则模型可保存该规则描述，但尚未实现多条件、排除码、年龄/性别等执行器。,全部疾病编码 O02 受孕的其他异常产物,全部疾病编码 Z37 分娩的结局
1937,SZ医保-1937-521f5ca1f2,疾病过度编码,当前基础规则模型可保存该规则描述，但尚未实现多条件、排除码、年龄/性别等执行器。,全部疾病编码 O03 自然流产,全部疾病编码 Z37 分娩的结局
1938,SZ医保-1938-b22b6fdc39,疾病过度编码,当前基础规则模型可保存该规则描述，但尚未实现多条件、排除码、年龄/性别等执行器。,全部疾病编码 O04 医疗性流产,全部疾病编码 Z37 分娩的结局
1939,SZ医保-1939-42293f5cd5,疾病过度编码,当前基础规则模型可保存该规则描述，但尚未实现多条件、排除码、年龄/性别等执行器。,全部疾病编码 O05 其他流产,全部疾病编码 Z37 分娩的结局
1940,SZ医保-1940-3b95779690,疾病过度编码,当前基础规则模型可保存该规则描述，但尚未实现多条件、排除码、年龄/性别等执行器。,全部疾病编码 O06 未特指的流产,全部疾病编码 Z37 分娩的结局
1941,SZ医保-1941-2100509760,疾病过度编码,当前基础规则模型可保存该规则描述，但尚未实现多条件、排除码、年龄/性别等执行器。,全部疾病编码 O07 企图流产失败,全部疾病编码 Z37 分娩的结局
1942,SZ医保-1942-c7ff82b389,疾病过度编码,当前基础规则模型可保存该规则描述，但尚未实现多条件、排除码、年龄/性别等执行器。,全部疾病编码 O08 流产、异位妊娠和葡萄胎妊娠后的并发症,全部疾病编码 Z37 分娩的结局
1943,SZ医保-1943-a4437268dc,疾病过度编码,当前基础规则模型可保存该规则描述，但尚未实现多条件、排除码、年龄/性别等执行器。,全部疾病编码 O20 妊娠早期出血,"全部疾病编码 O46 产前出血,不可归类在他处者"
1944,SZ医保-1944-13a827091c,疾病过度编码,当前基础规则模型可保存该规则描述，但尚未实现多条件、排除码、年龄/性别等执行器。,全部疾病编码 O30 多胎妊娠,全部疾病编码 O80 单胎顺产
1945,SZ医保-1945-3ef0da5ca2,疾病过度编码,当前基础规则模型可保存该规则描述，但尚未实现多条件、排除码、年龄/性别等执行器。,全部疾病编码 O72 产后出血,全部疾病编码 O73 胎盘和胎膜滞留不伴有出血
1946,SZ医保-1946-025c4d16dc,疾病过度编码,当前基础规则模型可保存该规则描述，但尚未实现多条件、排除码、年龄/性别等执行器。,全部疾病编码 Q39.1 食管闭锁伴有气管食管瘘,全部疾病编码 Q39.0 食管闭锁不伴有瘘
1947,SZ医保-1947-d672a0b317,疾病过度编码,当前基础规则模型可保存该规则描述，但尚未实现多条件、排除码、年龄/性别等执行器。,全部疾病编码 Q39.1 食管闭锁伴有气管食管瘘,全部疾病编码 J86.003 气管食管瘘
1948,SZ医保-1948-4e26f79018,疾病过度编码,当前基础规则模型可保存该规则描述，但尚未实现多条件、排除码、年龄/性别等执行器。,全部疾病编码 Q39.1 食管闭锁伴有气管食管瘘,全部疾病编码 J95.004 气管造口术后气管食管瘘
1949,SZ医保-1949-e1913d2440,疾病过度编码,当前基础规则模型可保存该规则描述，但尚未实现多条件、排除码、年龄/性别等执行器。,全部疾病编码 Q39.1 食管闭锁伴有气管食管瘘,全部疾病编码 J95.800x012 手术后气管食管瘘
1950,SZ医保-1950-b7535508e9,疾病过度编码,当前基础规则模型可保存该规则描述，但尚未实现多条件、排除码、年龄/性别等执行器。,全部疾病编码 Q39.1 食管闭锁伴有气管食管瘘,全部疾病编码 Q39.2 先天性气管食管瘘不伴有闭锁
1951,SZ医保-1951-f95dd0e166,疾病过度编码,当前基础规则模型可保存该规则描述，但尚未实现多条件、排除码、年龄/性别等执行器。,"全部疾病编码 Q42.0 直肠先天性缺如、闭锁和狭窄,伴有瘘","全部疾病编码 Q42.101 直肠先天性狭窄,不伴有瘘"
1952,SZ医保-1952-2ef12f8d23,疾病过度编码,当前基础规则模型可保存该规则描述，但尚未实现多条件、排除码、年龄/性别等执行器。,"全部疾病编码 Q42.0 直肠先天性缺如、闭锁和狭窄,伴有瘘",全部疾病编码 K60.400 直肠瘘
1953,SZ医保-1953-c1847bf425,疾病过度编码,当前基础规则模型可保存该规则描述，但尚未实现多条件、排除码、年龄/性别等执行器。,"全部疾病编码 A15 呼吸道结核,经细菌学和组织学证实",全部疾病编码 J60 煤炭工肺尘埃沉着病
1954,SZ医保-1954-afae81013f,疾病过度编码,当前基础规则模型可保存该规则描述，但尚未实现多条件、排除码、年龄/性别等执行器。,"全部疾病编码 A15 呼吸道结核,经细菌学和组织学证实",全部疾病编码 J61 石棉和其他矿物纤维引起的肺尘埃沉着病
1955,SZ医保-1955-eab3a60cb7,疾病过度编码,当前基础规则模型可保存该规则描述，但尚未实现多条件、排除码、年龄/性别等执行器。,"全部疾病编码 A15 呼吸道结核,经细菌学和组织学证实",全部疾病编码 J62 含硅[矽]粉尘引起的肺尘埃沉着病
1956,SZ医保-1956-55ee60ea53,疾病过度编码,当前基础规则模型可保存该规则描述，但尚未实现多条件、排除码、年龄/性别等执行器。,"全部疾病编码 A15 呼吸道结核,经细菌学和组织学证实",全部疾病编码 J63 其他无机粉尘引起的肺尘埃沉着病
1957,SZ医保-1957-15421fb241,疾病过度编码,当前基础规则模型可保存该规则描述，但尚未实现多条件、排除码、年龄/性别等执行器。,"全部疾病编码 A15 呼吸道结核,经细菌学和组织学证实",全部疾病编码 J64 未特指的肺尘埃沉着病
1958,SZ医保-1958-b4a4449f33,疾病过度编码,当前基础规则模型可保存该规则描述，但尚未实现多条件、排除码、年龄/性别等执行器。,"全部疾病编码 A16 呼吸道结核,未经细菌学或组织学所证实",全部疾病编码 J60 煤炭工肺尘埃沉着病
1959,SZ医保-1959-1d9f36ba82,疾病过度编码,当前基础规则模型可保存该规则描述，但尚未实现多条件、排除码、年龄/性别等执行器。,"全部疾病编码 A16 呼吸道结核,未经细菌学或组织学所证实",全部疾病编码 J61 石棉和其他矿物纤维引起的肺尘埃沉着病
1960,SZ医保-1960-75c88680f0,疾病过度编码,当前基础规则模型可保存该规则描述，但尚未实现多条件、排除码、年龄/性别等执行器。,"全部疾病编码 A16 呼吸道结核,未经细菌学或组织学所证实",全部疾病编码 J62 含硅[矽]粉尘引起的肺尘埃沉着病
1961,SZ医保-1961-2afe2afd7e,疾病过度编码,当前基础规则模型可保存该规则描述，但尚未实现多条件、排除码、年龄/性别等执行器。,"全部疾病编码 A16 呼吸道结核,未经细菌学或组织学所证实",全部疾病编码 J63 其他无机粉尘引起的肺尘埃沉着病
1962,SZ医保-1962-2281b18264,疾病过度编码,当前基础规则模型可保存该规则描述，但尚未实现多条件、排除码、年龄/性别等执行器。,"全部疾病编码 A16 呼吸道结核,未经细菌学或组织学所证实",全部疾病编码 J64 未特指的肺尘埃沉着病
1963,SZ医保-1963-47d3cef2b7,疾病过度编码,当前基础规则模型可保存该规则描述，但尚未实现多条件、排除码、年龄/性别等执行器。,全部疾病编码 Z34 正常妊娠监督,其他疾病编码 A00-Z99 除O26以外的其他诊断
1964,SZ医保-1964-ec9cd85067,疾病过度编码,当前基础规则模型可保存该规则描述，但尚未实现多条件、排除码、年龄/性别等执行器。,全部疾病编码 Z35 高危妊娠监督,其他疾病编码 A00-Z99 除O26以外的其他诊断
1976,SZ医保-1976-903735cedb,疾病编码错误,当前基础规则模型可保存该规则描述，但尚未实现多条件、排除码、年龄/性别等执行器。,全部疾病编码 M800-M998,
1978,SZ医保-1978-fd55e97dbe,疾病缺编码,当前基础规则模型可保存该规则描述，但尚未实现多条件、排除码、年龄/性别等执行器。,全部疾病编码 O80 单胎顺产,"全部疾病编码 Z37,Z38"
1979,SZ医保-1979-5f1d6288bc,疾病缺编码,当前基础规则模型可保存该规则描述，但尚未实现多条件、排除码、年龄/性别等执行器。,全部疾病编码 O81 借助产钳和真空吸引器的单胎分娩,"全部疾病编码 Z37,Z38"
1980,SZ医保-1980-7132664578,疾病缺编码,当前基础规则模型可保存该规则描述，但尚未实现多条件、排除码、年龄/性别等执行器。,全部疾病编码 O82 经剖宫产术的单胎分娩,"全部疾病编码 Z37,Z38"
1981,SZ医保-1981-9b15f32c1e,疾病缺编码,当前基础规则模型可保存该规则描述，但尚未实现多条件、排除码、年龄/性别等执行器。,全部疾病编码 O83 其他助产的单胎分娩,"全部疾病编码 Z37,Z38"
1982,SZ医保-1982-269f8fed7f,疾病缺编码,当前基础规则模型可保存该规则描述，但尚未实现多条件、排除码、年龄/性别等执行器。,全部疾病编码 O84 多胎分娩,"全部疾病编码 Z37,Z38"
1983,SZ医保-1983-2196e1a395,手术缺编码,当前基础规则模型可保存该规则描述，但尚未实现多条件、排除码、年龄/性别等执行器。,"主要疾病编码 O82,O84.2","全部手术编码 74.0,74.1,74.2"
1984,SZ医保-1984-870a544bed,手术缺编码,当前基础规则模型可保存该规则描述，但尚未实现多条件、排除码、年龄/性别等执行器。,"主要疾病编码 Z46.6,Z47.0,Z51.0,Z51.1,Z51.8 泌尿装置的安装和调整/涉及骨折板和其他内固定装置的随诊医疗/放射治疗疗程/为肿瘤化学治疗疗程/其他特指的医疗照顾",全部手术编码 00-99
1985,SZ医保-1985-4aa3e4b734,手术缺编码,当前基础规则模型可保存该规则描述，但尚未实现多条件、排除码、年龄/性别等执行器。,主要手术编码 39.50 其他非冠状血管成形术,其他手术编码 00.40-00.43
1986,SZ医保-1986-bfd24fd7e8,手术缺编码,当前基础规则模型可保存该规则描述，但尚未实现多条件、排除码、年龄/性别等执行器。,主要手术编码 00.66 经皮冠状动脉腔内血管成形术[PTCA],其他手术编码 00.40-00.43
1987,SZ医保-1987-79bc31d396,手术缺编码,当前基础规则模型可保存该规则描述，但尚未实现多条件、排除码、年龄/性别等执行器。,主要手术编码 00.61 颅外血管经皮血管成形术,其他手术编码 00.40-00.43
1988,SZ医保-1988-e77b9df112,手术缺编码,当前基础规则模型可保存该规则描述，但尚未实现多条件、排除码、年龄/性别等执行器。,主要手术编码 00.62 颅内血管经皮血管成形术,其他手术编码 00.40-00.43
1989,SZ医保-1989-19aa64025c,手术缺编码,当前基础规则模型可保存该规则描述，但尚未实现多条件、排除码、年龄/性别等执行器。,全部手术编码 00.55 其他周围血管药物洗脱支架置入,全部手术编码 00.40-00.48
1990,SZ医保-1990-adc0645bad,手术缺编码,当前基础规则模型可保存该规则描述，但尚未实现多条件、排除码、年龄/性别等执行器。,全部手术编码 00.60 表浅股动脉药物洗脱支架置入,全部手术编码 00.40-00.48
1991,SZ医保-1991-e5595525c1,手术缺编码,当前基础规则模型可保存该规则描述，但尚未实现多条件、排除码、年龄/性别等执行器。,全部手术编码 00.61 颅外血管经皮血管成形术,全部手术编码 00.40-00.48
1992,SZ医保-1992-da5c5d588f,手术缺编码,当前基础规则模型可保存该规则描述，但尚未实现多条件、排除码、年龄/性别等执行器。,全部手术编码 00.62 颅内血管经皮血管成形术,全部手术编码 00.40-00.48
1993,SZ医保-1993-1eb553187a,手术缺编码,当前基础规则模型可保存该规则描述，但尚未实现多条件、排除码、年龄/性别等执行器。,全部手术编码 00.63 颈动脉支架经皮置入,全部手术编码 00.40-00.48
1994,SZ医保-1994-4deb68f762,手术缺编码,当前基础规则模型可保存该规则描述，但尚未实现多条件、排除码、年龄/性别等执行器。,全部手术编码 00.64 其他颅外动脉支架经皮置入,全部手术编码 00.40-00.48
1995,SZ医保-1995-251bd84fec,手术缺编码,当前基础规则模型可保存该规则描述，但尚未实现多条件、排除码、年龄/性别等执行器。,全部手术编码 00.65 颅内血管支架经皮置入,全部手术编码 00.40-00.48
1996,SZ医保-1996-c0cb1126e1,手术缺编码,当前基础规则模型可保存该规则描述，但尚未实现多条件、排除码、年龄/性别等执行器。,全部手术编码 00.66 经皮冠状动脉腔内血管成形术[PTCA],全部手术编码 00.40-00.48
1997,SZ医保-1997-644fd8b2d9,手术缺编码,当前基础规则模型可保存该规则描述，但尚未实现多条件、排除码、年龄/性别等执行器。,"全部手术编码 00.70 髋关节置换修复术,双髋臼和股骨成分","全部手术编码 00.74-00.78,84.57"
1998,SZ医保-1998-2f0eb1a7f4,手术缺编码,当前基础规则模型可保存该规则描述，但尚未实现多条件、排除码、年龄/性别等执行器。,全部手术编码 20.4 乳突切除术,"全部手术编码 18.79,19.4-19.55"
1999,SZ医保-1999-90dbdb1ccd,手术缺编码,当前基础规则模型可保存该规则描述，但尚未实现多条件、排除码、年龄/性别等执行器。,全部手术编码 36.06 非-药物洗脱冠状动脉支架置入,全部手术编码 00.40-00.48
2000,SZ医保-2000-5cf4cab787,手术缺编码,当前基础规则模型可保存该规则描述，但尚未实现多条件、排除码、年龄/性别等执行器。,全部手术编码 36.07 药物洗脱冠状动脉支架置入,全部手术编码 00.40-00.48
2001,SZ医保-2001-c2255154e0,手术缺编码,当前基础规则模型可保存该规则描述，但尚未实现多条件、排除码、年龄/性别等执行器。,全部手术编码 36.09 冠状动脉梗阻的其他去除术,全部手术编码 00.40-00.48
2002,SZ医保-2002-79183870bc,手术缺编码,当前基础规则模型可保存该规则描述，但尚未实现多条件、排除码、年龄/性别等执行器。,全部手术编码 39.50 其他非冠状血管成形术,全部手术编码 00.40-00.48
2003,SZ医保-2003-fe2f308ef6,手术缺编码,当前基础规则模型可保存该规则描述，但尚未实现多条件、排除码、年龄/性别等执行器。,全部手术编码 39.90 周围(非冠状的)血管非药物洗脱支架置入,全部手术编码 00.40-00.48
2004,SZ医保-2004-99a223d7be,手术缺编码,当前基础规则模型可保存该规则描述，但尚未实现多条件、排除码、年龄/性别等执行器。,全部手术编码 41.02 异体骨髓移植伴净化,全部手术编码 00.91-00.93
2005,SZ医保-2005-e741f0851d,手术缺编码,当前基础规则模型可保存该规则描述，但尚未实现多条件、排除码、年龄/性别等执行器。,全部手术编码 41.03 异体骨髓移植不伴净化,全部手术编码 00.91-00.93
2006,SZ医保-2006-fb93447b62,手术缺编码,当前基础规则模型可保存该规则描述，但尚未实现多条件、排除码、年龄/性别等执行器。,全部手术编码 41.05 异体造血干细胞移植不伴净化,全部手术编码 00.91-00.93
2007,SZ医保-2007-db23cf9d55,手术缺编码,当前基础规则模型可保存该规则描述，但尚未实现多条件、排除码、年龄/性别等执行器。,全部手术编码 50.51 辅助肝移植,全部手术编码 00.91-00.93
2008,SZ医保-2008-0951f61eab,手术缺编码,当前基础规则模型可保存该规则描述，但尚未实现多条件、排除码、年龄/性别等执行器。,全部手术编码 50.59 肝的其他移植术,全部手术编码 00.91-00.93
2009,SZ医保-2009-38b651501b,手术缺编码,当前基础规则模型可保存该规则描述，但尚未实现多条件、排除码、年龄/性别等执行器。,全部手术编码 55.69 其他肾移植术,全部手术编码 00.91-00.93
2010,SZ医保-2010-c7ec3620e3,手术缺编码,当前基础规则模型可保存该规则描述，但尚未实现多条件、排除码、年龄/性别等执行器。,全部手术编码 70.78 用移植物或假体的阴道悬吊和固定术,全部手术编码 70.94-70.95
2011,SZ医保-2011-286d6b1a17,手术缺编码,当前基础规则模型可保存该规则描述，但尚未实现多条件、排除码、年龄/性别等执行器。,全部手术编码 81.0 脊柱融合术,全部手术编码 81.62-81.64
2012,SZ医保-2012-c07bdba681,手术缺编码,当前基础规则模型可保存该规则描述，但尚未实现多条件、排除码、年龄/性别等执行器。,全部手术编码 81.3 脊柱再融合,全部手术编码 81.62-81.64
2013,SZ医保-2013-526f9edfe4,手术缺编码,当前基础规则模型可保存该规则描述，但尚未实现多条件、排除码、年龄/性别等执行器。,全部手术编码 81.51 全部髋关节置换,全部手术编码 00.74-00.78
2014,SZ医保-2014-8b66c3d363,手术缺编码,当前基础规则模型可保存该规则描述，但尚未实现多条件、排除码、年龄/性别等执行器。,"全部手术编码 78.11 肩胛骨,锁骨和胸廓[肋骨和胸骨]使用外固定装置",全部手术编码 79.00-79.89
2015,SZ医保-2015-c010efe7ac,手术缺编码,当前基础规则模型可保存该规则描述，但尚未实现多条件、排除码、年龄/性别等执行器。,全部手术编码 78.12 肱骨使用外固定装置,全部手术编码 79.00-79.89
2016,SZ医保-2016-8c92400e50,手术缺编码,当前基础规则模型可保存该规则描述，但尚未实现多条件、排除码、年龄/性别等执行器。,全部手术编码 78.13 桡骨和尺骨使用外固定装置,全部手术编码 79.00-79.89
2017,SZ医保-2017-a2379a20d9,手术缺编码,当前基础规则模型可保存该规则描述，但尚未实现多条件、排除码、年龄/性别等执行器。,全部手术编码 78.14 腕骨和掌骨使用外固定装置,全部手术编码 79.00-79.89
2018,SZ医保-2018-2db801f867,手术缺编码,当前基础规则模型可保存该规则描述，但尚未实现多条件、排除码、年龄/性别等执行器。,全部手术编码 78.15 股骨使用外固定装置,全部手术编码 79.00-79.89
2019,SZ医保-2019-32823d7553,手术缺编码,当前基础规则模型可保存该规则描述，但尚未实现多条件、排除码、年龄/性别等执行器。,全部手术编码 78.16 髌骨使用外固定装置,全部手术编码 79.00-79.89
2020,SZ医保-2020-2588ca4700,手术缺编码,当前基础规则模型可保存该规则描述，但尚未实现多条件、排除码、年龄/性别等执行器。,全部手术编码 78.17 胫骨和腓骨使用外固定装置,全部手术编码 79.00-79.89
2021,SZ医保-2021-15c80a515b,手术缺编码,当前基础规则模型可保存该规则描述，但尚未实现多条件、排除码、年龄/性别等执行器。,全部手术编码 78.18 跗骨和跖骨使用外固定装置,全部手术编码 79.00-79.89
2022,SZ医保-2022-9b73e86dc4,手术缺编码,当前基础规则模型可保存该规则描述，但尚未实现多条件、排除码、年龄/性别等执行器。,全部手术编码 78.19 其他骨使用外固定装置,全部手术编码 79.00-79.89
2023,SZ医保-2023-b384c9dcdb,手术缺编码,当前基础规则模型可保存该规则描述，但尚未实现多条件、排除码、年龄/性别等执行器。,"全部手术编码 84.71 外部固定装置应用,单相系统",全部手术编码 79.00-79.89
2024,SZ医保-2024-7b7fce22ef,手术缺编码,当前基础规则模型可保存该规则描述，但尚未实现多条件、排除码、年龄/性别等执行器。,"全部手术编码 84.72 外部固定装置的应用,环型系统",全部手术编码 79.00-79.89
2025,SZ医保-2025-f09823de36,手术缺编码,当前基础规则模型可保存该规则描述，但尚未实现多条件、排除码、年龄/性别等执行器。,全部手术编码 84.73 混合外部固定装置的应用,全部手术编码 79.00-79.89
2026,SZ医保-2026-ae345d2073,手术编码错误,当前基础规则模型可保存该规则描述，但尚未实现多条件、排除码、年龄/性别等执行器。,全部疾病编码 O70 分娩时会阴裂伤,全部手术编码 71.7 外阴和会阴修补术
2027,SZ医保-2027-0a016a24a5,手术编码错误,当前基础规则模型可保存该规则描述，但尚未实现多条件、排除码、年龄/性别等执行器。,全部疾病编码 O71.3 宫颈的产科裂伤,全部手术编码 67.6 子宫颈的其他修补术
2028,SZ医保-2028-b347e111b1,手术编码错误,当前基础规则模型可保存该规则描述，但尚未实现多条件、排除码、年龄/性别等执行器。,全部疾病编码 O71.4 产科高位阴道裂伤,全部手术编码 70.7 阴道其他修补术
2029,SZ医保-2029-a7738bcd12,手术编码错误,当前基础规则模型可保存该规则描述，但尚未实现多条件、排除码、年龄/性别等执行器。,全部疾病编码 O80.0 头位顺产,"全部手术编码 72 产钳,真空抽吸和臀位分娩"
2030,SZ医保-2030-2ad50977a4,手术编码错误,当前基础规则模型可保存该规则描述，但尚未实现多条件、排除码、年龄/性别等执行器。,全部手术编码 72.1x00,全部手术编码 73.6 外阴切开术
2031,SZ医保-2031-de85a3aacf,手术编码错误,当前基础规则模型可保存该规则描述，但尚未实现多条件、排除码、年龄/性别等执行器。,全部手术编码 72.2100,全部手术编码 73.6 外阴切开术
2032,SZ医保-2032-9afdb8d6b5,手术编码错误,当前基础规则模型可保存该规则描述，但尚未实现多条件、排除码、年龄/性别等执行器。,全部手术编码 72.3100,全部手术编码 73.6 外阴切开术
2033,SZ医保-2033-026de09378,手术编码错误,当前基础规则模型可保存该规则描述，但尚未实现多条件、排除码、年龄/性别等执行器。,主要疾病编码 O,全部手术编码 71 外阴和会阴的手术
2034,SZ医保-2034-391bfd2d6c,手术合并编码,当前基础规则模型可保存该规则描述，但尚未实现多条件、排除码、年龄/性别等执行器。,全部手术编码 28.2x00 扁桃体切除术不伴腺样增殖体切除术,全部手术编码 28.6x00 腺样增殖体切除术不伴扁桃体切除术
2035,SZ医保-2035-56ba1fdb17,手术合并编码,当前基础规则模型可保存该规则描述，但尚未实现多条件、排除码、年龄/性别等执行器。,全部手术编码 28.2x00 扁桃体切除术不伴腺样增殖体切除术,全部手术编码 28.6x00 腺样增殖体切除术不伴扁桃体切除术
2036,SZ医保-2036-46ba0f5824,手术合并编码,当前基础规则模型可保存该规则描述，但尚未实现多条件、排除码、年龄/性别等执行器。,全部手术编码 28.2x00 扁桃体切除术不伴腺样增殖体切除术,全部手术编码 28.6x00x001 鼻内镜下经鼻腺样体切除术
2037,SZ医保-2037-deaec7f451,手术合并编码,当前基础规则模型可保存该规则描述，但尚未实现多条件、排除码、年龄/性别等执行器。,全部手术编码 28.2x00 扁桃体切除术不伴腺样增殖体切除术,全部手术编码 28.6x00x001 鼻内镜下经鼻腺样体切除术
2038,SZ医保-2038-bd9141d64a,手术合并编码,当前基础规则模型可保存该规则描述，但尚未实现多条件、排除码、年龄/性别等执行器。,全部手术编码 28.2x00 扁桃体切除术不伴腺样增殖体切除术,全部手术编码 28.6x00x002 腺样体切除术
2039,SZ医保-2039-532c0a8b30,手术合并编码,当前基础规则模型可保存该规则描述，但尚未实现多条件、排除码、年龄/性别等执行器。,全部手术编码 28.2x00 扁桃体切除术不伴腺样增殖体切除术,全部手术编码 28.6x00x002 腺样体切除术
2040,SZ医保-2040-4d599628c9,手术合并编码,当前基础规则模型可保存该规则描述，但尚未实现多条件、排除码、年龄/性别等执行器。,全部手术编码 28.2x00 扁桃体切除术不伴腺样增殖体切除术,全部手术编码 28.6x00x004 支撑喉镜下残余腺样增殖体体切除术
2041,SZ医保-2041-2c2381494c,手术合并编码,当前基础规则模型可保存该规则描述，但尚未实现多条件、排除码、年龄/性别等执行器。,全部手术编码 28.2x00 扁桃体切除术不伴腺样增殖体切除术,全部手术编码 28.6x00x004 支撑喉镜下残余腺样增殖体体切除术
2042,SZ医保-2042-3e2b0adb13,手术合并编码,当前基础规则模型可保存该规则描述，但尚未实现多条件、排除码、年龄/性别等执行器。,全部手术编码 28.2x00 扁桃体切除术不伴腺样增殖体切除术,全部手术编码 28.6x00x005 鼻内镜下腺样体消融术
2043,SZ医保-2043-455b2d86aa,手术合并编码,当前基础规则模型可保存该规则描述，但尚未实现多条件、排除码、年龄/性别等执行器。,全部手术编码 28.2x00 扁桃体切除术不伴腺样增殖体切除术,全部手术编码 28.6x00x005 鼻内镜下腺样体消融术
2044,SZ医保-2044-ba0a57c90f,手术合并编码,当前基础规则模型可保存该规则描述，但尚未实现多条件、排除码、年龄/性别等执行器。,全部手术编码 28.2x00 扁桃体切除术不伴腺样增殖体切除术,全部手术编码 28.6x01 腺样体等离子切除术
2045,SZ医保-2045-9b3c66e133,手术合并编码,当前基础规则模型可保存该规则描述，但尚未实现多条件、排除码、年龄/性别等执行器。,全部手术编码 28.2x00 扁桃体切除术不伴腺样增殖体切除术,全部手术编码 28.6x01 腺样体等离子切除术
2046,SZ医保-2046-42a167e402,手术合并编码,当前基础规则模型可保存该规则描述，但尚未实现多条件、排除码、年龄/性别等执行器。,全部手术编码 28.2x00 扁桃体切除术不伴腺样增殖体切除术,全部手术编码 28.6x01 腺样体等离子切除术
2047,SZ医保-2047-7fa2910301,手术合并编码,当前基础规则模型可保存该规则描述，但尚未实现多条件、排除码、年龄/性别等执行器。,全部手术编码 28.2x00 扁桃体切除术不伴腺样增殖体切除术,全部手术编码 28.6x02 内镜下腺样体切除术
2048,SZ医保-2048-433fd590a8,手术合并编码,当前基础规则模型可保存该规则描述，但尚未实现多条件、排除码、年龄/性别等执行器。,全部手术编码 28.2x00 扁桃体切除术不伴腺样增殖体切除术,全部手术编码 28.6x02 内镜下腺样体切除术
2049,SZ医保-2049-163289ed7a,手术合并编码,当前基础规则模型可保存该规则描述，但尚未实现多条件、排除码、年龄/性别等执行器。,全部手术编码 28.2x00 扁桃体切除术不伴腺样增殖体切除术,全部手术编码 28.6x03 内镜下残余腺样增殖体切除术
2050,SZ医保-2050-f3c1b2df94,手术合并编码,当前基础规则模型可保存该规则描述，但尚未实现多条件、排除码、年龄/性别等执行器。,全部手术编码 28.2x00 扁桃体切除术不伴腺样增殖体切除术,全部手术编码 28.6x03 内镜下残余腺样增殖体切除术
2051,SZ医保-2051-52a3d1d66e,手术合并编码,当前基础规则模型可保存该规则描述，但尚未实现多条件、排除码、年龄/性别等执行器。,全部手术编码 28.2x00x002 扁桃体切除术,全部手术编码 28.6x00 腺样增殖体切除术不伴扁桃体切除术
2052,SZ医保-2052-b744b1e896,手术合并编码,当前基础规则模型可保存该规则描述，但尚未实现多条件、排除码、年龄/性别等执行器。,全部手术编码 28.2x00x002 扁桃体切除术,全部手术编码 28.6x00 腺样增殖体切除术不伴扁桃体切除术
2053,SZ医保-2053-0b00fc180b,手术合并编码,当前基础规则模型可保存该规则描述，但尚未实现多条件、排除码、年龄/性别等执行器。,全部手术编码 28.2x00x002 扁桃体切除术,全部手术编码 28.6x00x001 鼻内镜下经鼻腺样体切除术
2054,SZ医保-2054-044973d15a,手术合并编码,当前基础规则模型可保存该规则描述，但尚未实现多条件、排除码、年龄/性别等执行器。,全部手术编码 28.2x00x002 扁桃体切除术,全部手术编码 28.6x00x001 鼻内镜下经鼻腺样体切除术
2055,SZ医保-2055-ecd373b87f,手术合并编码,当前基础规则模型可保存该规则描述，但尚未实现多条件、排除码、年龄/性别等执行器。,全部手术编码 28.2x00x002 扁桃体切除术,全部手术编码 28.6x00x002 腺样体切除术
2056,SZ医保-2056-06ba34cf6b,手术合并编码,当前基础规则模型可保存该规则描述，但尚未实现多条件、排除码、年龄/性别等执行器。,全部手术编码 28.2x00x002 扁桃体切除术,全部手术编码 28.6x00x002 腺样体切除术
2057,SZ医保-2057-36f335e466,手术合并编码,当前基础规则模型可保存该规则描述，但尚未实现多条件、排除码、年龄/性别等执行器。,全部手术编码 28.2x00x002 扁桃体切除术,全部手术编码 28.6x00x004 支撑喉镜下残余腺样增殖体体切除术
2058,SZ医保-2058-f520d1a57a,手术合并编码,当前基础规则模型可保存该规则描述，但尚未实现多条件、排除码、年龄/性别等执行器。,全部手术编码 28.2x00x002 扁桃体切除术,全部手术编码 28.6x00x004 支撑喉镜下残余腺样增殖体体切除术
2059,SZ医保-2059-f4afeff909,手术合并编码,当前基础规则模型可保存该规则描述，但尚未实现多条件、排除码、年龄/性别等执行器。,全部手术编码 28.2x00x002 扁桃体切除术,全部手术编码 28.6x00x005 鼻内镜下腺样体消融术
2060,SZ医保-2060-1844f97a3d,手术合并编码,当前基础规则模型可保存该规则描述，但尚未实现多条件、排除码、年龄/性别等执行器。,全部手术编码 28.2x00x002 扁桃体切除术,全部手术编码 28.6x00x005 鼻内镜下腺样体消融术
2061,SZ医保-2061-2aee9f71d3,手术合并编码,当前基础规则模型可保存该规则描述，但尚未实现多条件、排除码、年龄/性别等执行器。,全部手术编码 28.2x00x002 扁桃体切除术,全部手术编码 28.6x01 腺样体等离子切除术
2062,SZ医保-2062-8ac7ef4c0f,手术合并编码,当前基础规则模型可保存该规则描述，但尚未实现多条件、排除码、年龄/性别等执行器。,全部手术编码 28.2x00x002 扁桃体切除术,全部手术编码 28.6x01 腺样体等离子切除术
2063,SZ医保-2063-e0cd9e7ecf,手术合并编码,当前基础规则模型可保存该规则描述，但尚未实现多条件、排除码、年龄/性别等执行器。,全部手术编码 28.2x00x002 扁桃体切除术,全部手术编码 28.6x01 腺样体等离子切除术
2064,SZ医保-2064-5e27a22477,手术合并编码,当前基础规则模型可保存该规则描述，但尚未实现多条件、排除码、年龄/性别等执行器。,全部手术编码 28.2x00x002 扁桃体切除术,全部手术编码 28.6x02 内镜下腺样体切除术
2065,SZ医保-2065-d63d83e814,手术合并编码,当前基础规则模型可保存该规则描述，但尚未实现多条件、排除码、年龄/性别等执行器。,全部手术编码 28.2x00x002 扁桃体切除术,全部手术编码 28.6x02 内镜下腺样体切除术
2066,SZ医保-2066-e121e17a50,手术合并编码,当前基础规则模型可保存该规则描述，但尚未实现多条件、排除码、年龄/性别等执行器。,全部手术编码 28.2x00x002 扁桃体切除术,全部手术编码 28.6x03 内镜下残余腺样增殖体切除术
2067,SZ医保-2067-99e36187c5,手术合并编码,当前基础规则模型可保存该规则描述，但尚未实现多条件、排除码、年龄/性别等执行器。,全部手术编码 28.2x00x002 扁桃体切除术,全部手术编码 28.6x03 内镜下残余腺样增殖体切除术
2068,SZ医保-2068-9b809df296,手术合并编码,当前基础规则模型可保存该规则描述，但尚未实现多条件、排除码、年龄/性别等执行器。,全部手术编码 28.2x00x003 支撑喉镜下扁桃体切除术,全部手术编码 28.6x00 腺样增殖体切除术不伴扁桃体切除术
2069,SZ医保-2069-b6e8b8b7bb,手术合并编码,当前基础规则模型可保存该规则描述，但尚未实现多条件、排除码、年龄/性别等执行器。,全部手术编码 28.2x00x003 支撑喉镜下扁桃体切除术,全部手术编码 28.6x00 腺样增殖体切除术不伴扁桃体切除术
2070,SZ医保-2070-90cfe38ead,手术合并编码,当前基础规则模型可保存该规则描述，但尚未实现多条件、排除码、年龄/性别等执行器。,全部手术编码 28.2x00x003 支撑喉镜下扁桃体切除术,全部手术编码 28.6x00x001 鼻内镜下经鼻腺样体切除术
2071,SZ医保-2071-ffc1c08c44,手术合并编码,当前基础规则模型可保存该规则描述，但尚未实现多条件、排除码、年龄/性别等执行器。,全部手术编码 28.2x00x003 支撑喉镜下扁桃体切除术,全部手术编码 28.6x00x001 鼻内镜下经鼻腺样体切除术
2072,SZ医保-2072-65f410a058,手术合并编码,当前基础规则模型可保存该规则描述，但尚未实现多条件、排除码、年龄/性别等执行器。,全部手术编码 28.2x00x003 支撑喉镜下扁桃体切除术,全部手术编码 28.6x00x002 腺样体切除术
2073,SZ医保-2073-7b3d4d2095,手术合并编码,当前基础规则模型可保存该规则描述，但尚未实现多条件、排除码、年龄/性别等执行器。,全部手术编码 28.2x00x003 支撑喉镜下扁桃体切除术,全部手术编码 28.6x00x002 腺样体切除术
2074,SZ医保-2074-3b83cad45b,手术合并编码,当前基础规则模型可保存该规则描述，但尚未实现多条件、排除码、年龄/性别等执行器。,全部手术编码 28.2x00x003 支撑喉镜下扁桃体切除术,全部手术编码 28.6x00x004 支撑喉镜下残余腺样增殖体体切除术
2075,SZ医保-2075-a22c718eb3,手术合并编码,当前基础规则模型可保存该规则描述，但尚未实现多条件、排除码、年龄/性别等执行器。,全部手术编码 28.2x00x003 支撑喉镜下扁桃体切除术,全部手术编码 28.6x00x004 支撑喉镜下残余腺样增殖体体切除术
2076,SZ医保-2076-d908df4a57,手术合并编码,当前基础规则模型可保存该规则描述，但尚未实现多条件、排除码、年龄/性别等执行器。,全部手术编码 28.2x00x003 支撑喉镜下扁桃体切除术,全部手术编码 28.6x00x005 鼻内镜下腺样体消融术
2077,SZ医保-2077-a013c15694,手术合并编码,当前基础规则模型可保存该规则描述，但尚未实现多条件、排除码、年龄/性别等执行器。,全部手术编码 28.2x00x003 支撑喉镜下扁桃体切除术,全部手术编码 28.6x00x005 鼻内镜下腺样体消融术
2078,SZ医保-2078-93bcb36b93,手术合并编码,当前基础规则模型可保存该规则描述，但尚未实现多条件、排除码、年龄/性别等执行器。,全部手术编码 28.2x00x003 支撑喉镜下扁桃体切除术,全部手术编码 28.6x01 腺样体等离子切除术
2079,SZ医保-2079-ea5c2c1da5,手术合并编码,当前基础规则模型可保存该规则描述，但尚未实现多条件、排除码、年龄/性别等执行器。,全部手术编码 28.2x00x003 支撑喉镜下扁桃体切除术,全部手术编码 28.6x01 腺样体等离子切除术
2080,SZ医保-2080-1ef463f03d,手术合并编码,当前基础规则模型可保存该规则描述，但尚未实现多条件、排除码、年龄/性别等执行器。,全部手术编码 28.2x00x003 支撑喉镜下扁桃体切除术,全部手术编码 28.6x01 腺样体等离子切除术
2081,SZ医保-2081-2cf8634312,手术合并编码,当前基础规则模型可保存该规则描述，但尚未实现多条件、排除码、年龄/性别等执行器。,全部手术编码 28.2x00x003 支撑喉镜下扁桃体切除术,全部手术编码 28.6x02 内镜下腺样体切除术
2082,SZ医保-2082-72adb2b3e2,手术合并编码,当前基础规则模型可保存该规则描述，但尚未实现多条件、排除码、年龄/性别等执行器。,全部手术编码 28.2x00x003 支撑喉镜下扁桃体切除术,全部手术编码 28.6x02 内镜下腺样体切除术
2083,SZ医保-2083-bb3b989cf3,手术合并编码,当前基础规则模型可保存该规则描述，但尚未实现多条件、排除码、年龄/性别等执行器。,全部手术编码 28.2x00x003 支撑喉镜下扁桃体切除术,全部手术编码 28.6x03 内镜下残余腺样增殖体切除术
2084,SZ医保-2084-2f64d90230,手术合并编码,当前基础规则模型可保存该规则描述，但尚未实现多条件、排除码、年龄/性别等执行器。,全部手术编码 28.2x00x003 支撑喉镜下扁桃体切除术,全部手术编码 28.6x03 内镜下残余腺样增殖体切除术
2085,SZ医保-2085-79c710592d,手术合并编码,当前基础规则模型可保存该规则描述，但尚未实现多条件、排除码、年龄/性别等执行器。,全部手术编码 28.2x01 扁桃体射频消融术,全部手术编码 28.6x00 腺样增殖体切除术不伴扁桃体切除术
2086,SZ医保-2086-aa629d2f05,手术合并编码,当前基础规则模型可保存该规则描述，但尚未实现多条件、排除码、年龄/性别等执行器。,全部手术编码 28.2x01 扁桃体射频消融术,全部手术编码 28.6x00 腺样增殖体切除术不伴扁桃体切除术
2087,SZ医保-2087-d0361ad24e,手术合并编码,当前基础规则模型可保存该规则描述，但尚未实现多条件、排除码、年龄/性别等执行器。,全部手术编码 28.2x01 扁桃体射频消融术,全部手术编码 28.6x00x001 鼻内镜下经鼻腺样体切除术
2088,SZ医保-2088-6cfbb50f87,手术合并编码,当前基础规则模型可保存该规则描述，但尚未实现多条件、排除码、年龄/性别等执行器。,全部手术编码 28.2x01 扁桃体射频消融术,全部手术编码 28.6x00x001 鼻内镜下经鼻腺样体切除术
2089,SZ医保-2089-322c2aa900,手术合并编码,当前基础规则模型可保存该规则描述，但尚未实现多条件、排除码、年龄/性别等执行器。,全部手术编码 28.2x01 扁桃体射频消融术,全部手术编码 28.6x00x002 腺样体切除术
2090,SZ医保-2090-23950de657,手术合并编码,当前基础规则模型可保存该规则描述，但尚未实现多条件、排除码、年龄/性别等执行器。,全部手术编码 28.2x01 扁桃体射频消融术,全部手术编码 28.6x00x002 腺样体切除术
2091,SZ医保-2091-aac1368dc3,手术合并编码,当前基础规则模型可保存该规则描述，但尚未实现多条件、排除码、年龄/性别等执行器。,全部手术编码 28.2x01 扁桃体射频消融术,全部手术编码 28.6x00x004 支撑喉镜下残余腺样增殖体体切除术
2092,SZ医保-2092-6b0c8f87f2,手术合并编码,当前基础规则模型可保存该规则描述，但尚未实现多条件、排除码、年龄/性别等执行器。,全部手术编码 28.2x01 扁桃体射频消融术,全部手术编码 28.6x00x004 支撑喉镜下残余腺样增殖体体切除术
2093,SZ医保-2093-faa098abc9,手术合并编码,当前基础规则模型可保存该规则描述，但尚未实现多条件、排除码、年龄/性别等执行器。,全部手术编码 28.2x01 扁桃体射频消融术,全部手术编码 28.6x00x005 鼻内镜下腺样体消融术
2094,SZ医保-2094-0c2c940b7c,手术合并编码,当前基础规则模型可保存该规则描述，但尚未实现多条件、排除码、年龄/性别等执行器。,全部手术编码 28.2x01 扁桃体射频消融术,全部手术编码 28.6x00x005 鼻内镜下腺样体消融术
2095,SZ医保-2095-c009fbde62,手术合并编码,当前基础规则模型可保存该规则描述，但尚未实现多条件、排除码、年龄/性别等执行器。,全部手术编码 28.2x01 扁桃体射频消融术,全部手术编码 28.6x01 腺样体等离子切除术
2096,SZ医保-2096-f9ebd17fba,手术合并编码,当前基础规则模型可保存该规则描述，但尚未实现多条件、排除码、年龄/性别等执行器。,全部手术编码 28.2x01 扁桃体射频消融术,全部手术编码 28.6x01 腺样体等离子切除术
2097,SZ医保-2097-2ced55dbd4,手术合并编码,当前基础规则模型可保存该规则描述，但尚未实现多条件、排除码、年龄/性别等执行器。,全部手术编码 28.2x01 扁桃体射频消融术,全部手术编码 28.6x01 腺样体等离子切除术
2098,SZ医保-2098-ae21966cde,手术合并编码,当前基础规则模型可保存该规则描述，但尚未实现多条件、排除码、年龄/性别等执行器。,全部手术编码 28.2x01 扁桃体射频消融术,全部手术编码 28.6x02 内镜下腺样体切除术
2099,SZ医保-2099-f7d467fd4a,手术合并编码,当前基础规则模型可保存该规则描述，但尚未实现多条件、排除码、年龄/性别等执行器。,全部手术编码 28.2x01 扁桃体射频消融术,全部手术编码 28.6x02 内镜下腺样体切除术
2100,SZ医保-2100-c382100621,手术合并编码,当前基础规则模型可保存该规则描述，但尚未实现多条件、排除码、年龄/性别等执行器。,全部手术编码 28.2x01 扁桃体射频消融术,全部手术编码 28.6x03 内镜下残余腺样增殖体切除术
2101,SZ医保-2101-86d7ad8eb9,手术合并编码,当前基础规则模型可保存该规则描述，但尚未实现多条件、排除码、年龄/性别等执行器。,全部手术编码 28.2x01 扁桃体射频消融术,全部手术编码 28.6x03 内镜下残余腺样增殖体切除术
2102,SZ医保-2102-e8a47c0cd8,手术合并编码,当前基础规则模型可保存该规则描述，但尚未实现多条件、排除码、年龄/性别等执行器。,全部手术编码 28.2x02 扁桃体激光切除术,全部手术编码 28.6x00 腺样增殖体切除术不伴扁桃体切除术
2103,SZ医保-2103-e60b07b9d2,手术合并编码,当前基础规则模型可保存该规则描述，但尚未实现多条件、排除码、年龄/性别等执行器。,全部手术编码 28.2x02 扁桃体激光切除术,全部手术编码 28.6x00 腺样增殖体切除术不伴扁桃体切除术
2104,SZ医保-2104-a0c80a922d,手术合并编码,当前基础规则模型可保存该规则描述，但尚未实现多条件、排除码、年龄/性别等执行器。,全部手术编码 28.2x02 扁桃体激光切除术,全部手术编码 28.6x00x001 鼻内镜下经鼻腺样体切除术
2105,SZ医保-2105-cf688a9298,手术合并编码,当前基础规则模型可保存该规则描述，但尚未实现多条件、排除码、年龄/性别等执行器。,全部手术编码 28.2x02 扁桃体激光切除术,全部手术编码 28.6x00x001 鼻内镜下经鼻腺样体切除术
2106,SZ医保-2106-96b869dcc1,手术合并编码,当前基础规则模型可保存该规则描述，但尚未实现多条件、排除码、年龄/性别等执行器。,全部手术编码 28.2x02 扁桃体激光切除术,全部手术编码 28.6x00x002 腺样体切除术
2107,SZ医保-2107-a15aaff738,手术合并编码,当前基础规则模型可保存该规则描述，但尚未实现多条件、排除码、年龄/性别等执行器。,全部手术编码 28.2x02 扁桃体激光切除术,全部手术编码 28.6x00x002 腺样体切除术
2108,SZ医保-2108-e555231665,手术合并编码,当前基础规则模型可保存该规则描述，但尚未实现多条件、排除码、年龄/性别等执行器。,全部手术编码 28.2x02 扁桃体激光切除术,全部手术编码 28.6x00x004 支撑喉镜下残余腺样增殖体体切除术
2109,SZ医保-2109-020fd50d51,手术合并编码,当前基础规则模型可保存该规则描述，但尚未实现多条件、排除码、年龄/性别等执行器。,全部手术编码 28.2x02 扁桃体激光切除术,全部手术编码 28.6x00x004 支撑喉镜下残余腺样增殖体体切除术
2110,SZ医保-2110-1ecf8ba915,手术合并编码,当前基础规则模型可保存该规则描述，但尚未实现多条件、排除码、年龄/性别等执行器。,全部手术编码 28.2x02 扁桃体激光切除术,全部手术编码 28.6x00x005 鼻内镜下腺样体消融术
2111,SZ医保-2111-80a189b6e2,手术合并编码,当前基础规则模型可保存该规则描述，但尚未实现多条件、排除码、年龄/性别等执行器。,全部手术编码 28.2x02 扁桃体激光切除术,全部手术编码 28.6x00x005 鼻内镜下腺样体消融术
2112,SZ医保-2112-94e5ff947a,手术合并编码,当前基础规则模型可保存该规则描述，但尚未实现多条件、排除码、年龄/性别等执行器。,全部手术编码 28.2x02 扁桃体激光切除术,全部手术编码 28.6x01 腺样体等离子切除术
2113,SZ医保-2113-f43107711f,手术合并编码,当前基础规则模型可保存该规则描述，但尚未实现多条件、排除码、年龄/性别等执行器。,全部手术编码 28.2x02 扁桃体激光切除术,全部手术编码 28.6x01 腺样体等离子切除术
2114,SZ医保-2114-b50191ff83,手术合并编码,当前基础规则模型可保存该规则描述，但尚未实现多条件、排除码、年龄/性别等执行器。,全部手术编码 28.2x02 扁桃体激光切除术,全部手术编码 28.6x01 腺样体等离子切除术
2115,SZ医保-2115-f5ba8aaca3,手术合并编码,当前基础规则模型可保存该规则描述，但尚未实现多条件、排除码、年龄/性别等执行器。,全部手术编码 28.2x02 扁桃体激光切除术,全部手术编码 28.6x02 内镜下腺样体切除术
2116,SZ医保-2116-95db2c1697,手术合并编码,当前基础规则模型可保存该规则描述，但尚未实现多条件、排除码、年龄/性别等执行器。,全部手术编码 28.2x02 扁桃体激光切除术,全部手术编码 28.6x02 内镜下腺样体切除术
2117,SZ医保-2117-d9a09cc9a6,手术合并编码,当前基础规则模型可保存该规则描述，但尚未实现多条件、排除码、年龄/性别等执行器。,全部手术编码 28.2x02 扁桃体激光切除术,全部手术编码 28.6x03 内镜下残余腺样增殖体切除术
2118,SZ医保-2118-aaa6eaa546,手术合并编码,当前基础规则模型可保存该规则描述，但尚未实现多条件、排除码、年龄/性别等执行器。,全部手术编码 28.2x02 扁桃体激光切除术,全部手术编码 28.6x03 内镜下残余腺样增殖体切除术
2119,SZ医保-2119-182356e266,手术合并编码,当前基础规则模型可保存该规则描述，但尚未实现多条件、排除码、年龄/性别等执行器。,全部手术编码 28.2x03 扁桃体等离子切除术,全部手术编码 28.6x00 腺样增殖体切除术不伴扁桃体切除术
2120,SZ医保-2120-3f86520294,手术合并编码,当前基础规则模型可保存该规则描述，但尚未实现多条件、排除码、年龄/性别等执行器。,全部手术编码 28.2x03 扁桃体等离子切除术,全部手术编码 28.6x00 腺样增殖体切除术不伴扁桃体切除术
2121,SZ医保-2121-31d9aaefb5,手术合并编码,当前基础规则模型可保存该规则描述，但尚未实现多条件、排除码、年龄/性别等执行器。,全部手术编码 28.2x03 扁桃体等离子切除术,全部手术编码 28.6x00x001 鼻内镜下经鼻腺样体切除术
2122,SZ医保-2122-8cf7c7225f,手术合并编码,当前基础规则模型可保存该规则描述，但尚未实现多条件、排除码、年龄/性别等执行器。,全部手术编码 28.2x03 扁桃体等离子切除术,全部手术编码 28.6x00x001 鼻内镜下经鼻腺样体切除术
2123,SZ医保-2123-a49b781d42,手术合并编码,当前基础规则模型可保存该规则描述，但尚未实现多条件、排除码、年龄/性别等执行器。,全部手术编码 28.2x03 扁桃体等离子切除术,全部手术编码 28.6x00x002 腺样体切除术
2124,SZ医保-2124-2fc961e2c4,手术合并编码,当前基础规则模型可保存该规则描述，但尚未实现多条件、排除码、年龄/性别等执行器。,全部手术编码 28.2x03 扁桃体等离子切除术,全部手术编码 28.6x00x002 腺样体切除术
2125,SZ医保-2125-f15e158651,手术合并编码,当前基础规则模型可保存该规则描述，但尚未实现多条件、排除码、年龄/性别等执行器。,全部手术编码 28.2x03 扁桃体等离子切除术,全部手术编码 28.6x00x004 支撑喉镜下残余腺样增殖体体切除术
2126,SZ医保-2126-1bd3d4134f,手术合并编码,当前基础规则模型可保存该规则描述，但尚未实现多条件、排除码、年龄/性别等执行器。,全部手术编码 28.2x03 扁桃体等离子切除术,全部手术编码 28.6x00x004 支撑喉镜下残余腺样增殖体体切除术
2127,SZ医保-2127-5f091ef193,手术合并编码,当前基础规则模型可保存该规则描述，但尚未实现多条件、排除码、年龄/性别等执行器。,全部手术编码 28.2x03 扁桃体等离子切除术,全部手术编码 28.6x00x005 鼻内镜下腺样体消融术
2128,SZ医保-2128-538278b407,手术合并编码,当前基础规则模型可保存该规则描述，但尚未实现多条件、排除码、年龄/性别等执行器。,全部手术编码 28.2x03 扁桃体等离子切除术,全部手术编码 28.6x00x005 鼻内镜下腺样体消融术
2129,SZ医保-2129-192e980231,手术合并编码,当前基础规则模型可保存该规则描述，但尚未实现多条件、排除码、年龄/性别等执行器。,全部手术编码 28.2x03 扁桃体等离子切除术,全部手术编码 28.6x01 腺样体等离子切除术
2130,SZ医保-2130-ae8f9f6167,手术合并编码,当前基础规则模型可保存该规则描述，但尚未实现多条件、排除码、年龄/性别等执行器。,全部手术编码 28.2x03 扁桃体等离子切除术,全部手术编码 28.6x01 腺样体等离子切除术
2131,SZ医保-2131-7d82c73065,手术合并编码,当前基础规则模型可保存该规则描述，但尚未实现多条件、排除码、年龄/性别等执行器。,全部手术编码 28.2x03 扁桃体等离子切除术,全部手术编码 28.6x01 腺样体等离子切除术
2132,SZ医保-2132-69e714f7f9,手术合并编码,当前基础规则模型可保存该规则描述，但尚未实现多条件、排除码、年龄/性别等执行器。,全部手术编码 28.2x03 扁桃体等离子切除术,全部手术编码 28.6x02 内镜下腺样体切除术
2133,SZ医保-2133-dd680a6195,手术合并编码,当前基础规则模型可保存该规则描述，但尚未实现多条件、排除码、年龄/性别等执行器。,全部手术编码 28.2x03 扁桃体等离子切除术,全部手术编码 28.6x02 内镜下腺样体切除术
2134,SZ医保-2134-ea050435df,手术合并编码,当前基础规则模型可保存该规则描述，但尚未实现多条件、排除码、年龄/性别等执行器。,全部手术编码 28.2x03 扁桃体等离子切除术,全部手术编码 28.6x03 内镜下残余腺样增殖体切除术
2135,SZ医保-2135-5671f7544f,手术合并编码,当前基础规则模型可保存该规则描述，但尚未实现多条件、排除码、年龄/性别等执行器。,全部手术编码 28.2x03 扁桃体等离子切除术,全部手术编码 28.6x03 内镜下残余腺样增殖体切除术
2136,SZ医保-2136-2a91f8a12c,手术合并编码,当前基础规则模型可保存该规则描述，但尚未实现多条件、排除码、年龄/性别等执行器。,全部手术编码 28.2x04 内镜下扁桃体切除术,全部手术编码 28.6x00 腺样增殖体切除术不伴扁桃体切除术
2137,SZ医保-2137-e6485fe7a8,手术合并编码,当前基础规则模型可保存该规则描述，但尚未实现多条件、排除码、年龄/性别等执行器。,全部手术编码 28.2x04 内镜下扁桃体切除术,全部手术编码 28.6x00 腺样增殖体切除术不伴扁桃体切除术
2138,SZ医保-2138-5ef1740c0a,手术合并编码,当前基础规则模型可保存该规则描述，但尚未实现多条件、排除码、年龄/性别等执行器。,全部手术编码 28.2x04 内镜下扁桃体切除术,全部手术编码 28.6x00x001 鼻内镜下经鼻腺样体切除术
2139,SZ医保-2139-ff7eb23287,手术合并编码,当前基础规则模型可保存该规则描述，但尚未实现多条件、排除码、年龄/性别等执行器。,全部手术编码 28.2x04 内镜下扁桃体切除术,全部手术编码 28.6x00x001 鼻内镜下经鼻腺样体切除术
2140,SZ医保-2140-1860f61883,手术合并编码,当前基础规则模型可保存该规则描述，但尚未实现多条件、排除码、年龄/性别等执行器。,全部手术编码 28.2x04 内镜下扁桃体切除术,全部手术编码 28.6x00x002 腺样体切除术
2141,SZ医保-2141-e1be36d1f9,手术合并编码,当前基础规则模型可保存该规则描述，但尚未实现多条件、排除码、年龄/性别等执行器。,全部手术编码 28.2x04 内镜下扁桃体切除术,全部手术编码 28.6x00x002 腺样体切除术
2142,SZ医保-2142-d6d2a5d435,手术合并编码,当前基础规则模型可保存该规则描述，但尚未实现多条件、排除码、年龄/性别等执行器。,全部手术编码 28.2x04 内镜下扁桃体切除术,全部手术编码 28.6x00x004 支撑喉镜下残余腺样增殖体体切除术
2143,SZ医保-2143-f73ef37a2a,手术合并编码,当前基础规则模型可保存该规则描述，但尚未实现多条件、排除码、年龄/性别等执行器。,全部手术编码 28.2x04 内镜下扁桃体切除术,全部手术编码 28.6x00x004 支撑喉镜下残余腺样增殖体体切除术
2144,SZ医保-2144-0a69476198,手术合并编码,当前基础规则模型可保存该规则描述，但尚未实现多条件、排除码、年龄/性别等执行器。,全部手术编码 28.2x04 内镜下扁桃体切除术,全部手术编码 28.6x00x005 鼻内镜下腺样体消融术
2145,SZ医保-2145-77f632434a,手术合并编码,当前基础规则模型可保存该规则描述，但尚未实现多条件、排除码、年龄/性别等执行器。,全部手术编码 28.2x04 内镜下扁桃体切除术,全部手术编码 28.6x00x005 鼻内镜下腺样体消融术
2146,SZ医保-2146-a3ac0b8b6b,手术合并编码,当前基础规则模型可保存该规则描述，但尚未实现多条件、排除码、年龄/性别等执行器。,全部手术编码 28.2x04 内镜下扁桃体切除术,全部手术编码 28.6x01 腺样体等离子切除术
2147,SZ医保-2147-8dc538172d,手术合并编码,当前基础规则模型可保存该规则描述，但尚未实现多条件、排除码、年龄/性别等执行器。,全部手术编码 28.2x04 内镜下扁桃体切除术,全部手术编码 28.6x01 腺样体等离子切除术
2148,SZ医保-2148-dc21c7df2e,手术合并编码,当前基础规则模型可保存该规则描述，但尚未实现多条件、排除码、年龄/性别等执行器。,全部手术编码 28.2x04 内镜下扁桃体切除术,全部手术编码 28.6x01 腺样体等离子切除术
2149,SZ医保-2149-6be77a753b,手术合并编码,当前基础规则模型可保存该规则描述，但尚未实现多条件、排除码、年龄/性别等执行器。,全部手术编码 28.2x04 内镜下扁桃体切除术,全部手术编码 28.6x02 内镜下腺样体切除术
2150,SZ医保-2150-c7f60e9bd8,手术合并编码,当前基础规则模型可保存该规则描述，但尚未实现多条件、排除码、年龄/性别等执行器。,全部手术编码 28.2x04 内镜下扁桃体切除术,全部手术编码 28.6x02 内镜下腺样体切除术
2151,SZ医保-2151-418f611203,手术合并编码,当前基础规则模型可保存该规则描述，但尚未实现多条件、排除码、年龄/性别等执行器。,全部手术编码 28.2x04 内镜下扁桃体切除术,全部手术编码 28.6x03 内镜下残余腺样增殖体切除术
2152,SZ医保-2152-8acbc71f37,手术合并编码,当前基础规则模型可保存该规则描述，但尚未实现多条件、排除码、年龄/性别等执行器。,全部手术编码 28.2x04 内镜下扁桃体切除术,全部手术编码 28.6x03 内镜下残余腺样增殖体切除术
2153,SZ医保-2153-ba82e4d3f9,手术合并编码,当前基础规则模型可保存该规则描述，但尚未实现多条件、排除码、年龄/性别等执行器。,全部手术编码 72.0x00 低位产钳手术,全部手术编码 73.6x00 外阴切开术
2154,SZ医保-2154-ea6ccba7b2,手术合并编码,当前基础规则模型可保存该规则描述，但尚未实现多条件、排除码、年龄/性别等执行器。,全部手术编码 72.0x00 低位产钳手术,全部手术编码 73.6x00x002 会阴中切缝合术
2155,SZ医保-2155-3c965609dc,手术合并编码,当前基础规则模型可保存该规则描述，但尚未实现多条件、排除码、年龄/性别等执行器。,全部手术编码 72.0x00 低位产钳手术,全部手术编码 73.6x01 会阴侧切缝合术
2156,SZ医保-2156-ea07c8b4ea,手术合并编码,当前基础规则模型可保存该规则描述，但尚未实现多条件、排除码、年龄/性别等执行器。,全部手术编码 72.0x00 低位产钳手术,全部手术编码 73.6x02 会阴直切缝合术
2157,SZ医保-2157-94adce4f76,手术合并编码,当前基础规则模型可保存该规则描述，但尚未实现多条件、排除码、年龄/性别等执行器。,全部手术编码 72.2900x001 中位产钳术,全部手术编码 73.6x00 外阴切开术
2158,SZ医保-2158-cececfb426,手术合并编码,当前基础规则模型可保存该规则描述，但尚未实现多条件、排除码、年龄/性别等执行器。,全部手术编码 72.2900x001 中位产钳术,全部手术编码 73.6x00x002 会阴中切缝合术
2159,SZ医保-2159-41946816aa,手术合并编码,当前基础规则模型可保存该规则描述，但尚未实现多条件、排除码、年龄/性别等执行器。,全部手术编码 72.2900x001 中位产钳术,全部手术编码 73.6x01 会阴侧切缝合术
2160,SZ医保-2160-5e4bc51cdc,手术合并编码,当前基础规则模型可保存该规则描述，但尚未实现多条件、排除码、年龄/性别等执行器。,全部手术编码 72.2900x001 中位产钳术,全部手术编码 73.6x02 会阴直切缝合术
2161,SZ医保-2161-773d55da44,手术合并编码,当前基础规则模型可保存该规则描述，但尚未实现多条件、排除码、年龄/性别等执行器。,全部手术编码 72.3900 其他高位产钳手术,全部手术编码 73.6x00 外阴切开术
2162,SZ医保-2162-b420204ea2,手术合并编码,当前基础规则模型可保存该规则描述，但尚未实现多条件、排除码、年龄/性别等执行器。,全部手术编码 72.3900 其他高位产钳手术,全部手术编码 73.6x00x002 会阴中切缝合术
2163,SZ医保-2163-09d11f30f4,手术合并编码,当前基础规则模型可保存该规则描述，但尚未实现多条件、排除码、年龄/性别等执行器。,全部手术编码 72.3900 其他高位产钳手术,全部手术编码 73.6x01 会阴侧切缝合术
2164,SZ医保-2164-89a77e3fc5,手术合并编码,当前基础规则模型可保存该规则描述，但尚未实现多条件、排除码、年龄/性别等执行器。,全部手术编码 72.3900 其他高位产钳手术,全部手术编码 73.6x02 会阴直切缝合术
2165,SZ医保-2165-e77b94c51a,手术合并编码,当前基础规则模型可保存该规则描述，但尚未实现多条件、排除码、年龄/性别等执行器。,全部手术编码 72.3900x001 高位产钳术,全部手术编码 73.6x00 外阴切开术
2166,SZ医保-2166-22b82bc76b,手术合并编码,当前基础规则模型可保存该规则描述，但尚未实现多条件、排除码、年龄/性别等执行器。,全部手术编码 72.3900x001 高位产钳术,全部手术编码 73.6x00x002 会阴中切缝合术
2167,SZ医保-2167-a243d45d4e,手术合并编码,当前基础规则模型可保存该规则描述，但尚未实现多条件、排除码、年龄/性别等执行器。,全部手术编码 72.3900x001 高位产钳术,全部手术编码 73.6x01 会阴侧切缝合术
2168,SZ医保-2168-b1d3f7cefb,手术合并编码,当前基础规则模型可保存该规则描述，但尚未实现多条件、排除码、年龄/性别等执行器。,全部手术编码 72.3900x001 高位产钳术,全部手术编码 73.6x02 会阴直切缝合术
2169,SZ医保-2169-3c53582cf0,手术编码性别冲突,当前基础规则模型可保存该规则描述，但尚未实现多条件、排除码、年龄/性别等执行器。,全部手术编码 60-64 男性生殖器官手术,
2170,SZ医保-2170-b540ea46c8,手术编码性别冲突,当前基础规则模型可保存该规则描述，但尚未实现多条件、排除码、年龄/性别等执行器。,"全部手术编码 65-71,72-75 女性生殖器官手术,产科操作",
2171,SZ医保-2171-3e1f600262,主要手术、操作选择错误,当前基础规则模型可保存该规则描述，但尚未实现多条件、排除码、年龄/性别等执行器。,主要疾病编码 H90 传导性和感音神经性听觉丧失,"主要手术编码 20.6101,20.6102"
2172,SZ医保-2172-40659727bc,主要手术、操作选择错误,当前基础规则模型可保存该规则描述，但尚未实现多条件、排除码、年龄/性别等执行器。,主要手术编码 54.51 腹腔镜下腹膜粘连松解术,其他手术编码 00-99
2173,SZ医保-2173-f0586830e7,手术编码错误,当前基础规则模型可保存该规则描述，但尚未实现多条件、排除码、年龄/性别等执行器。,主要疾病编码 C22 肝癌,全部手术编码 39.97 其他灌注
2174,SZ医保-2174-2e612b3f49,手术编码错误,当前基础规则模型可保存该规则描述，但尚未实现多条件、排除码、年龄/性别等执行器。,主要疾病编码 D25 子宫平滑肌瘤,全部手术编码 99.85 癌症高热疗法
2175,SZ医保-2175-4e1ab11a3b,手术编码错误,当前基础规则模型可保存该规则描述，但尚未实现多条件、排除码、年龄/性别等执行器。,"主要疾病编码 M80,M81,S02,S12,S22,S32,S52,S62,S72,S82,S92,T02,T08,T10,T12 骨折诊断",全部手术编码 72.5 臀位牵引
2176,SZ医保-2176-794d222f3c,主要手术、操作选择错误,当前基础规则模型可保存该规则描述，但尚未实现多条件、排除码、年龄/性别等执行器。,主要手术编码 04.0405 喉返神经探查术,其他手术编码 06.2-06.8 甲状腺切除术
2177,SZ医保-2177-63a33137b4,手术编码错误,当前基础规则模型可保存该规则描述，但尚未实现多条件、排除码、年龄/性别等执行器。,主要疾病编码 D25.2 子宫浆膜下层平滑肌瘤,全部手术编码 68.2917 宫腔镜子宫病损切除术
2178,SZ医保-2178-1c7861250a,手术编码错误,当前基础规则模型可保存该规则描述，但尚未实现多条件、排除码、年龄/性别等执行器。,主要疾病编码 O00 异位妊娠,"全部手术编码 66.4,66.5 单侧输卵管全部切除术/双侧输卵管全部切除术"
2179,SZ医保-2179-214ff5c457,手术编码错误,当前基础规则模型可保存该规则描述，但尚未实现多条件、排除码、年龄/性别等执行器。,主要手术编码 06.2-06.8 甲状腺切除术,其他手术编码 04.0405 喉返神经探查术
